major,subject_category,subject_details
컴퓨터공학과,공통과목,"수학, 과학, 기술ㆍ가정"
컴퓨터공학과,일반선택과목,"수학교과 : 수학ⅠㆍⅡ, 미적분, 확률과 통계, 과학교과 : 물리학Ⅰ, 화학Ⅰ, 기술ㆍ가정교과 : 기술ㆍ가정, 정보"
컴퓨터공학과,진로선택과목,"실용수학, 기하, 수학과제 탐구, 물리학Ⅱ, 화학Ⅱ, 생활과 과학, 공학 일반"
컴퓨터공학과,전문교과Ⅰ,"심화수학ⅠㆍⅡ, 고급 수학ⅠㆍⅡ, 고급 물리학, 물리학 실험, 고급 화학, 화학 실험, 정보과학, 융합과학탐구, 과학과제 연구"
컴퓨터공학과,전문교과Ⅱ,"디지털 논리 회로, 프로그래밍, 자료구조, 사물 인터넷 서비스 기획, 로봇 지능 개발"
컴퓨터과학과,공통과목,"수학, 과학, 기술ㆍ가정"
컴퓨터과학과,일반선택과목,"수학교과 : 수학ⅠㆍⅡ, 미적분, 확률과 통계, 과학교과 : 물리학Ⅰ, 화학Ⅰ, 기술ㆍ가정교과 : 기술ㆍ가정, 정보"
컴퓨터과학과,진로선택과목,"실용수학, 기하, 수학과제 탐구, 물리학Ⅱ, 화학Ⅱ, 생활과 과학, 공학 일반"
컴퓨터과학과,전문교과Ⅰ,"심화수학ⅠㆍⅡ, 고급 수학ⅠㆍⅡ, 고급 물리학, 물리학 실험, 고급 화학, 화학 실험, 정보과학, 융합과학탐구, 과학과제 연구"
컴퓨터과학과,전문교과Ⅱ,"디지털 논리 회로, 프로그래밍, 자료구조, 사물 인터넷 서비스 기획, 로봇 지능 개발"
컴퓨터디자인학과,공통과목,"미술, 윤리"
컴퓨터디자인학과,일반선택과목,"예술교과 : 미술, 사회교과 : 생활과 윤리, 윤리와 사상, 교양교과 : 철학, 심리학, 교육학"
컴퓨터디자인학과,진로선택과목,"미술 창작, 미술 감상과 비평"
컴퓨터디자인학과,전문교과Ⅰ,"미술 이론, 미술사, 드로잉, 미술 전공 실기"
컴퓨터디자인학과,전문교과Ⅱ,"디자인 일반, 시각 디자인, 색채 관리"
컴퓨터소프트웨어과,공통과목,"수학, 과학, 기술ㆍ가정"
컴퓨터소프트웨어과,일반선택과목,"수학교과 : 수학ⅠㆍⅡ, 미적분, 확률과 통계, 사회교과 : 한국지리, 세계지리, 경제, 사회문화, 생활과 윤리 , 과학교과 : 물리학Ⅰ, 기술ㆍ가정교과 : 기술ㆍ가정, 정보"
컴퓨터소프트웨어과,진로선택과목,"실용수학, 기하, 수학과제 탐구, 물리학Ⅱ, 생활과 과학, 융합과학, 공학 일반"
컴퓨터소프트웨어과,전문교과Ⅰ,"심화수학ⅠㆍⅡ, 고급 수학ⅠㆍⅡ, 고급 물리학, 물리학 실험, 정보과학, 융합과학탐구, 과학과제연구, 지역 이해, 사회탐구 방법, 사회과제 연구"
컴퓨터소프트웨어과,전문교과Ⅱ,"프로그래밍, 자료 구조, 빅데이터 분석, 사물 인터넷 서비스 기획"
컴퓨터응용기계과,공통과목,"수학, 과학, 기술ㆍ가정"
컴퓨터응용기계과,일반선택과목,"수학교과 : 수학ⅠㆍⅡ, 미적분, 확률과 통계, 과학교과 : 물리학Ⅰ, 화학Ⅰ, 기술ㆍ가정교과 : 기술ㆍ가정, 정보"
컴퓨터응용기계과,진로선택과목,"실용수학, 기하, 수학과제 탐구, 물리학Ⅱ, 화학Ⅱ, 생활과 과학, 공학 일반"
컴퓨터응용기계과,전문교과Ⅰ,"심화수학ⅠㆍⅡ, 고급 수학ⅠㆍⅡ, 고급 물리학, 물리학 실험, 고급 화학, 화학 실험, 정보과학, 융합과학탐구, 과학과제연구"
컴퓨터응용기계과,전문교과Ⅱ,"디지털 논리 회로, 프로그래밍, 자료구조, 사물 인터넷 서비스 기획, 로봇 지능 개발"
성악과,공통과목,"음악, 윤리"
성악과,일반선택과목,"예술교과 : 음악, 사회교과 : 생활과 윤리, 윤리와 사상, 교양교과 : 철학, 심리학, 교육학"
성악과,진로선택과목,"음악 연주, 음악 감상과 비평"
성악과,전문교과Ⅰ,"음악이론, 음악사, 시창ㆍ청음, 음악 전공 실기"
성악과,전문교과Ⅱ,음악 콘텐츠 제작 
실용음악과,공통과목,"음악, 윤리"
실용음악과,일반선택과목,"예술교과 : 음악, 사회교과 : 생활과 윤리, 윤리와 사상, 교양교과 : 철학, 심리학, 교육학"
실용음악과,진로선택과목,"음악 연주, 음악 감상과 비평"
실용음악과,전문교과Ⅰ,"음악이론, 음악사, 시창ㆍ청음, 음악 전공 실기"
실용음악과,전문교과Ⅱ,음악 콘텐츠 제작 
실용음악학과,공통과목,"음악, 윤리"
실용음악학과,일반선택과목,"예술교과 : 음악, 사회교과 : 생활과 윤리, 윤리와 사상, 교양교과 : 철학, 심리학, 교육학"
실용음악학과,진로선택과목,"음악 연주, 음악 감상과 비평"
실용음악학과,전문교과Ⅰ,"음악이론, 음악사, 시창ㆍ청음, 음악 전공 실기"
실용음악학과,전문교과Ⅱ,음악 콘텐츠 제작 
음악과,공통과목,"음악, 윤리"
음악과,일반선택과목,"예술교과 : 음악, 사회교과 : 생활과 윤리, 윤리와 사상, 교양교과 : 철학, 심리학, 교육학"
음악과,진로선택과목,"음악 연주, 음악 감상과 비평"
음악과,전문교과Ⅰ,"음악이론, 음악사, 시창ㆍ청음, 음악 전공 실기"
음악과,전문교과Ⅱ,음악 콘텐츠 제작 
음악학과,공통과목,"음악, 윤리"
음악학과,일반선택과목,"예술교과 : 음악, 사회교과 : 생활과 윤리, 윤리와 사상, 교양교과 : 철학, 심리학, 교육학"
음악학과,진로선택과목,"음악 연주, 음악 감상과 비평"
음악학과,전문교과Ⅰ,"음악이론, 음악사, 시창ㆍ청음, 음악 전공 실기"
음악학과,전문교과Ⅱ,음악 콘텐츠 제작 
작곡과,공통과목,"음악, 윤리"
작곡과,일반선택과목,"예술교과 : 음악, 사회교과 : 생활과 윤리, 윤리와 사상, 교양교과 : 철학, 심리학, 교육학"
작곡과,진로선택과목,"음악 연주, 음악 감상과 비평"
작곡과,전문교과Ⅰ,"음악이론, 음악사, 시창ㆍ청음, 음악 전공 실기"
작곡과,전문교과Ⅱ,음악 콘텐츠 제작 
전기공학과,공통과목,"수학, 과학, 기술ㆍ가정"
전기공학과,일반선택과목,"수학교과 : 수학ⅠㆍⅡ, 미적분, 확률과 통계, 과학교과 : 물리학Ⅰ, 화학Ⅰ, 기술ㆍ가정교과 : 기술ㆍ가정, 정보"
전기공학과,진로선택과목,"기하, 수학과제 탐구, 물리학Ⅱ, 화학Ⅱ, 생활과 과학, 융합과학, 공학 일반"
전기공학과,전문교과Ⅰ,"심화수학ⅠㆍⅡ, 고급 수학ⅠㆍⅡ, 고급 물리학, 물리학 실험, 고급 화학, 화학 실험, 정보과학, 융합과학탐구, 과학과제연구"
전기공학과,전문교과Ⅱ,"전기회로, 전기 기기, 전기 설비, 자동화 설비"
전기과,공통과목,"수학, 과학, 기술ㆍ가정"
전기과,일반선택과목,"수학교과 : 수학ⅠㆍⅡ, 미적분, 확률과 통계, 과학교과 : 물리학Ⅰ, 화학Ⅰ, 기술ㆍ가정교과 : 기술ㆍ가정, 정보"
전기과,진로선택과목,"기하, 수학과제 탐구, 물리학Ⅱ, 화학Ⅱ, 생활과 과학, 융합과학, 공학일반"
전기과,전문교과Ⅰ,"심화수학ⅠㆍⅡ, 고급 수학ⅠㆍⅡ, 고급 물리학, 물리학 실험, 고급 화학, 화학 실험, 정보과학, 융합과학탐구, 과학과제연구"
전기과,전문교과Ⅱ,"전기 회로, 전기 기기, 전기 설비, 자동화 설비"
전기전자공학과,공통과목,"수학, 과학, 기술ㆍ가정"
전기전자공학과,일반선택과목,"수학교과 : 수학ⅠㆍⅡ, 미적분, 확률과 통계, 과학교과 : 물리학Ⅰ, 화학Ⅰ, 기술ㆍ가정교과 : 기술ㆍ가정, 정보"
전기전자공학과,진로선택과목,"기하, 수학과제 탐구, 물리학Ⅱ, 화학Ⅱ, 생활과 과학, 융합과학, 공학 일반"
전기전자공학과,전문교과Ⅰ,"심화수학ⅠㆍⅡ, 고급 수학ⅠㆍⅡ, 고급 물리학, 물리학 실험, 고급 화학, 화학 실험, 정보과학, 융합과학탐구, 과학과제연구"
전기전자공학과,전문교과Ⅱ,"전자 회로, 디지털 논리 회로, 산업용 전자 기기 소프트웨어 개발"
전기전자과,공통과목,"수학, 과학, 기술ㆍ가정"
전기전자과,일반선택과목,"수학교과 : 수학ⅠㆍⅡ, 미적분, 확률과 통계, 과학교과 : 물리학Ⅰ, 화학Ⅰ, 기술ㆍ가정교과 : 기술ㆍ가정, 정보"
전기전자과,진로선택과목,"기하, 수학과제 탐구, 물리학Ⅱ, 화학Ⅱ, 생활과 과학, 융합과학, 공학일반"
전기전자과,전문교과Ⅰ,"심화수학ⅠㆍⅡ, 고급 수학ⅠㆍⅡ, 고급 물리학, 물리학 실험, 고급 화학, 화학 실험, 정보과학, 융합과학탐구, 과학과제연구"
전기전자과,전문교과Ⅱ,"전기 회로, 전기 기기, 전기 설비, 자동화 설비"
전자공학과,공통과목,"수학, 과학, 기술ㆍ가정"
전자공학과,일반선택과목,"수학교과 : 수학ⅠㆍⅡ, 미적분, 확률과 통계, 과학교과 : 물리학Ⅰ, 화학Ⅰ, 기술ㆍ가정교과 : 기술ㆍ가정, 정보"
전자공학과,진로선택과목,"기하, 수학과제 탐구, 물리학Ⅱ, 화학Ⅱ, 생활과 과학, 융합과학, 공학 일반"
전자공학과,전문교과Ⅰ,"심화수학ⅠㆍⅡ, 고급 수학ⅠㆍⅡ, 고급 물리학, 물리학 실험, 고급 화학, 화학 실험, 정보과학, 융합과학탐구, 과학과제연구"
전자공학과,전문교과Ⅱ,"전자 회로, 디지털 논리 회로, 산업용 전자 기기 소프트웨어 개발"
전자과,공통과목,"수학, 과학, 기술ㆍ가정"
전자과,일반선택과목,"수학교과 : 수학ⅠㆍⅡ, 미적분, 확률과 통계, 과학교과 : 물리학Ⅰ, 화학Ⅰ, 기술ㆍ가정교과 : 기술ㆍ가정, 정보"
전자과,진로선택과목,"기하, 수학과제 탐구, 물리학Ⅱ, 화학Ⅱ, 생활과 과학, 융합과학, 공학일반"
전자과,전문교과Ⅰ,"심화수학ⅠㆍⅡ, 고급 수학ⅠㆍⅡ, 고급 물리학, 물리학 실험, 고급 화학, 화학 실험, 정보과학, 융합과학탐구, 과학과제연구"
전자과,전문교과Ⅱ,"전자 회로, 디지털 논리 회로, 산업용 전자 기기 소프트웨어 개발"
농수산과,공통과목,"과학, 수학, 사회, 생활ㆍ교양"
농수산과,일반선택과목,"과학교과 : 생명과학Ⅰ, 화학Ⅰ, 물리Ⅰ, 지구과학Ⅰ, 수학ㆍ사회교과 : 수학Ⅰ, 수학Ⅱ, 확률과 통계, 미적분, 한국지리, 생활과 윤리, 생활ㆍ교양교과 : 환경, 보건학, 논술, 철학, 정보, 진로와 직업"
농수산과,진로선택과목,"생명과학Ⅱ, 융합과학, 생활과 과학, 화학Ⅱ, 공학일반, 창의경영, 지식 재산 일반, 농업생명과학, 사회문제 탐구"
농수산과,전문교과Ⅰ,"고급 생명과학, 생명과학 실험, 물리화학 실험, 융합과학 탐구, 과학 과제 연구, 생태와 환경, 정보과학"
농수산과,전문교과Ⅱ,"임산 가공, 제조화학, 생명공학 기술, 산림 자원"
농업경제학과,공통과목,"수학, 사회, 교양, 과학"
농업경제학과,일반선택과목,"수학교과 : 수학I, 수학II, 미적분, 확률과 통계, 사회교과 : 경제, 사회문화, 정치와 법, 생활과 윤리, 한국지리, 세계지리, 교양교과 : 실용경제, 철학, 논술, 심리학, 환경, 교육학"
농업경제학과,진로선택과목,"실용수학, 경제수학, 수학과제 탐구, 사회문제 탐구, 창의경영, 미적분, 농업생명과학, 생활과 창의성"
농업경제학과,전문교과Ⅰ,"사회탐구 방법, 사회과제 연구, 한국사회의 이해, 국제경제, 심화수학I, 심화수학II, 고급수학I, 고급수학II, 과학과제 연구, 정보과학"
농업경제학과,전문교과Ⅱ,"농업 경영, 농산물 유통 관리, 농업 기초 기술, 관광 농업, 농산 식품 가공"
농업교육과,공통과목,"수학, 사회, 과학"
농업교육과,일반선택과목,"수학교과 : 수학Ⅰ, 수학Ⅱ, 미적분, 확률과 통계, 사회교과 : 사회문화, 생활과 윤리, 정치와 법, 한국지리, 세계지리, 과학교과 : 생명과학, 화학Ⅰ, 교양교과 : 교육학, 심리학, 철학, 환경, 논술"
농업교육과,진로선택과목,"생명과학Ⅱ, 화학Ⅱ, 융합과학, 농업생명과학, 생활과 과학"
농업교육과,전문교과Ⅰ,"고급생명과학, 생명과학 실험, 물리화학 실험, 융합과학 탐구, 정보과학, 과학과제 연구, 한국사회의 이해 "
농업교육과,전문교과Ⅱ,"생명공학 기술, 동물 자원, 농업 경영, 농산물 유통 관리, 농업 기초 기술, 농산 식품 가공"
축산과,공통과목,"과학, 수학, 사회, 생활ㆍ교양"
축산과,일반선택과목,"과학교과 : 생명과학Ⅰ, 화학Ⅰ, 물리Ⅰ, 지구과학Ⅰ, 수학ㆍ사회교과 : 수학Ⅰ, 수학Ⅱ, 확률과 통계, 미적분, 한국지리, 생활과 윤리, 생활ㆍ교양교과 : 환경, 보건학, 논술, 철학, 정보, 진로와 직업"
축산과,진로선택과목,"생명과학Ⅱ, 융합과학, 생활과 과학, 화학Ⅱ, 공학일반, 창의경영, 지식 재산 일반, 농업생명과학, 사회문제 탐구"
축산과,전문교과Ⅰ,"고급 생명과학, 생명과학 실험, 물리화학 실험, 융합과학 탐구, 과학 과제 연구, 생태와 환경, 정보과학"
축산과,전문교과Ⅱ,"임산 가공, 제조화학, 생명공학 기술, 산림 자원"
광고디자인과,공통과목,"미술, 윤리"
광고디자인과,일반선택과목,"예술교과 : 미술, 사회교과 : 생활과 윤리, 윤리와 사상, 교양교과 : 철학, 심리학, 교육학"
광고디자인과,진로선택과목,"미술 창작, 미술 감상과 비평"
광고디자인과,전문교과Ⅰ,"미술 이론, 미술사, 드로잉 미술 전공 실기"
광고디자인과,전문교과Ⅱ,"디자인 일반, 시각디자인, 색체 관리"
산업디자인과,공통과목,"미술, 윤리"
산업디자인과,일반선택과목,"예술교과 : 미술, 사회교과 : 생활과 윤리, 윤리와 사상, 교양교과 : 철학, 심리학, 교육학"
산업디자인과,진로선택과목,"미술 창작, 미술 감상과 비평"
산업디자인과,전문교과Ⅰ,"미술 이론, 미술사, 드로잉 미술 전공 실기"
산업디자인과,전문교과Ⅱ,"디자인 일반, 시각디자인, 색체 관리"
간호학과,공통과목,"영어, 과학, 윤리"
간호학과,일반선택과목,"영어교과 : 영어Ⅰ, 영어Ⅱ, 영어 독해와 작문, 과학교과 : 생명과학Ⅰ, 화학Ⅰ, 사회교과 : 생활과 윤리, 윤리와 사상, 교양교과 : 철학, 심리학"
간호학과,진로선택과목,"생명과학Ⅱ, 화학Ⅱ"
간호학과,전문교과Ⅰ,"고급 화학 및 고급 생명과학, 화학실험 및 생명과학 실험, 과학과제 연구"
간호학과,전문교과Ⅱ,"공중 보건, 인체 구조와 기능, 보건 간호"
경제학과,공통과목,"수학, 과학, 기술ㆍ가정, 생활ㆍ교양"
경제학과,일반선택과목,"수학교과 : 수학Ⅰ, Ⅱ, 미적분, 확률과 통계, 사회교과 : 경제, 생활과 윤리, 기술ㆍ가정교과 : 정보, 생활ㆍ교양교과 : 실용 경제  "
경제학과,진로선택과목,"실용 수학, 기하, 경제 수학, 수학 과제 탐구, 사회문제 탐구, 지식 재산 일반"
경제학과,전문교과Ⅰ,"심화 수학 Ⅰ,Ⅱ, 고급 수학 Ⅰ,Ⅱ, 정보과학, 국제 경제, 국제법, 세계 문제와 미래 사회, 사회 탐구 방법 및 사회과제 연구"
경제학과,전문교과Ⅱ,"상업 경제, 회계 정보 처리 시스템, 금융 일반, 마케팅과 광고, 창업 일반, 커뮤니케이션"
고고학과,공통과목,"사회, 역사, 한문, 수학, 영어, 제2외국어"
고고학과,일반선택과목,"사회교과 : 사회문화, 세계사, 동아시아사, 한국지리, 윤리와 사상, 한문ㆍ외국어교과 : 한문Ⅰ, 한문Ⅱ, 영어Ⅰ, 영어Ⅱ, 중국어Ⅰ, 일본어Ⅰ, 수학교과 : 수학Ⅰ, 수학Ⅱ, 확률과 통계"
고고학과,진로선택과목,"사회문제 탐구, 고전 읽기, 고전과 윤리, 여행지리, 현대 세계의 변화"
고고학과,전문교과Ⅰ,"사회탐구 방법, 사회과제 연구, 한국 사회의 이해, 비교 문화, 지역 이해"
고고학과,전문교과Ⅱ,문화콘텐츠 산업 일반
금속공학과,공통과목,"수학, 과학, 기술ㆍ가정"
금속공학과,일반선택과목,"수학교과 : 수학ⅠㆍⅡ, 미적분, 확률과 통계, 과학교과 : 물리학Ⅰ, 화학Ⅰ, 기술ㆍ가정교과 : 기술ㆍ가정, 정보"
금속공학과,진로선택과목,"기하, 물리학Ⅱ, 화학Ⅱ, 공학 일반"
금속공학과,전문교과Ⅰ,"심화수학ⅠㆍⅡ, 고급 수학ⅠㆍⅡ, 고급 물리학, 물리학 실험, 고급 화학, 화학 실험, 정보 과학, 융합과학탐구, 과학과제연구"
금속공학과,전문교과Ⅱ,"공업 일반, 기계 제도, 기계 일반, 기계 제어 설계"
기계공학과,공통과목,"수학, 과학, 기술ㆍ가정"
기계공학과,일반선택과목,"수학교과 : 수학ⅠㆍⅡ, 미적분, 확률과 통계, 과학교과 : 물리학Ⅰ, 화학Ⅰ, 기술ㆍ가정교과 : 기술ㆍ가정, 정보"
기계공학과,진로선택과목,"기하, 물리학Ⅱ, 화학Ⅱ, 공학 일반"
기계공학과,전문교과Ⅰ,"심화수학ⅠㆍⅡ, 고급 수학ⅠㆍⅡ, 고급 물리학, 물리학 실험, 고급 화학, 화학 실험, 정보 과학, 융합과학탐구, 과학과제연구"
기계공학과,전문교과Ⅱ,"공업 일반, 기계 제도, 기계 일반, 기계 제어 설계"
도시계획학과,공통과목,"사회, 생활ㆍ교양"
도시계획학과,일반선택과목,"사회교과 : 한국지리, 세계지리, 경제, 생활과 윤리, 생활ㆍ교양교과 : 심리학, 환경"
도시계획학과,진로선택과목,"실용 수학, 경제 수학, 여행지리, 사회문제 탐구"
도시계획학과,전문교과Ⅰ,"지역 이해, 세계 문제와 미래 사회, 현대 세계의 변화, 사회 탐구 방법 및 사회과제 연구"
도시계획학과,전문교과Ⅱ,"공간정보융합서비스, 빅데이터 분석, 인간과 환경, 환경 보전"
도시공학과,공통과목,"수학, 사회, 과학, 기술ㆍ가정"
도시공학과,일반선택과목,"수학교과 : 수학ⅠㆍⅡ, 미적분, 확률과 통계, 사회교과 : 한국지리, 세계지리, 세계사, 경제, 사회문화, 생활과 윤리, 과학교과 : 물리학Ⅰ, 화학Ⅰ, 지구과학Ⅰ, 기술ㆍ가정교과 : 기술ㆍ가정, 정보"
도시공학과,진로선택과목,"실용수학, 기하, 경제수학, 수학과제 탐구, 물리학Ⅱ, 화학Ⅱ, 지구과학Ⅱ, 생활과 과학, 융합과학, 공학 일반, 사회문제 탐구"
도시공학과,전문교과Ⅰ,"심화수학ⅠㆍⅡ, 고급 수학ⅠㆍⅡ, 고급 물리학, 물리학 실험, 고급 화학, 화학 실험, 고급 지구과학, 지구과학 실험, 정보과학, 융합과학탐구, 과학과제연구, 생태와 환경, 지역 이해, 사회과제 연구"
도시공학과,전문교과Ⅱ,"공간 정보,구축, 공간 정보 융합 서비스, 빅데이터 분석, 인간과 환경, 환경 보전"
문화인류학과,공통과목,"사회, 생활ㆍ교양"
문화인류학과,일반선택과목,"사회교과 : 한국지리. 세계지리, 세계사, 동아시아사, 사회ㆍ문화, 생활과 윤리, 윤리와 사상, 생활ㆍ교양교과 : 철학, 논리학, 심리학, 종교학"
문화인류학과,진로선택과목,"여행지리, 사회문제탐구 "
문화인류학과,전문교과Ⅰ,"지역 이해, 비교 문화, 세계 문제와 미래 사회, 현대 세계의 변화, 사회 탐구 방법 및 사회과제 연구"
문화인류학과,전문교과Ⅱ,"문화콘텐츠 산업 일반, 빅데이터 분석"
문화재과,공통과목,"사회, 역사, 한문, 수학, 영어, 제2외국어"
문화재과,일반선택과목,"사회교과 : 사회문화, 세계사, 동아시아사, 한국지리, 윤리와 사상, 한문ㆍ외국어교과 : 한문Ⅰ, 한문Ⅱ, 영어Ⅰ, 영어Ⅱ, 중국어Ⅰ, 일본어Ⅰ, 수학교과 : 수학Ⅰ, 수학Ⅱ, 확률과 통계"
문화재과,진로선택과목,"사회문제 탐구, 고전 읽기, 고전과 윤리, 여행지리, 현대 세계의 변화"
문화재과,전문교과Ⅰ,"사회탐구 방법, 사회과제 연구, 한국 사회의 이해, 비교 문화, 지역 이해"
문화재과,전문교과Ⅱ,문화콘텐츠 산업 일반
반도체학과,공통과목,"수학, 영어, 과학, 기술ㆍ가정"
반도체학과,일반선택과목,"수학교과 : 수학ⅠㆍⅡ, 미적분, 확률과 통계, 영어교과 : 영어 회화, 영어Ⅰ, 영어 독해와 작문, 영어Ⅱ, 과학교과 : 물리학Ⅰ, 화학Ⅰ, 기술ㆍ가정교과 : 기술ㆍ가정, 정보"
반도체학과,진로선택과목,"기하, 수학과제 탐구, 영어권 문화, 물리학Ⅱ, 화학Ⅱ, 공학 일반"
반도체학과,전문교과Ⅰ,"심화수학ⅠㆍⅡ, 고급 수학ⅠㆍⅡ, 고급 물리학, 물리학 실험, 고급 화학, 화학 실험, 정보과학, 융합과학탐구, 과학과제연구"
반도체학과,전문교과Ⅱ,"공업 일반, 반도체 개발, 프로그래밍, 자료구조"
법학과,공통과목,"사회, 생활ㆍ교양"
법학과,일반선택과목,"사회교과 : 세계사, 정치와 법, 사회ㆍ문화, 생활과 윤리, 윤리와 사상, 생활ㆍ교양교과 : 철학, 논리학, 심리학"
법학과,진로선택과목,사회문제 탐구
법학과,전문교과Ⅰ,"지역 이해, 세계 문제와 미래 사회, 현대 세계의 변화, 사회 탐구 방법 및 사회과제 연구"
법학과,전문교과Ⅱ,"인간 발달, 커뮤니케이션, 빅데이터 분석"
부동산과,공통과목,"사회, 생활ㆍ교양"
부동산과,일반선택과목,"사회교과 : 한국지리, 세계지리, 경제, 생활과 윤리, 생활ㆍ교양교과 : 심리학, 환경"
부동산과,진로선택과목,"실용 수학, 경제 수학, 여행지리, 사회문제 탐구"
부동산과,전문교과Ⅰ,"지역 이해, 세계 문제와 미래 사회, 현대 세계의 변화, 사회 탐구 방법 및 사회과제 연구"
부동산과,전문교과Ⅱ,"공간정보융합서비스, 빅데이터 분석, 인간과 환경, 환경 보전"
부동산학과,공통과목,"사회, 생활ㆍ교양"
부동산학과,일반선택과목,"사회교과 : 한국지리, 세계지리, 경제, 생활과 윤리, 생활ㆍ교양교과 : 심리학, 환경"
부동산학과,진로선택과목,"실용 수학, 경제 수학, 여행지리, 사회문제 탐구"
부동산학과,전문교과Ⅰ,"지역 이해, 세계 문제와 미래 사회, 현대 세계의 변화, 사회 탐구 방법 및 사회과제 연구"
부동산학과,전문교과Ⅱ,"공간정보융합서비스, 빅데이터 분석, 인간과 환경, 환경 보전"
사학과,공통과목,"사회, 역사, 한문, 영어, 제2외국어"
사학과,일반선택과목,"사회교과 : 사회문화, 세계사, 동아시아사, 한국지리, 윤리와 사상, 한문교과 : 한문Ⅰ, 한문Ⅱ, 외국어교과 : 영어Ⅰ, 영어Ⅱ, 일본어Ⅰ, 중국어Ⅰ, 독일어Ⅰ, 프랑스어Ⅰ"
사학과,진로선택과목,"사회문제 탐구, 고전 읽기, 고전과 윤리, 여행지리, 현대 세계의 변화 "
사학과,전문교과Ⅰ,"사회탐구 방법, 사회과제 연구, 한국 사회의 이해, 비교 문화, 지역 이해"
사학과,전문교과Ⅱ,문화콘텐츠 산업 일반
산업공학과,공통과목,"수학, 사회, 과학, 기술ㆍ가정"
산업공학과,일반선택과목,"수학교과 : 수학ⅠㆍⅡ, 미적분, 확률과 통계, 사회교과 : 한국지리, 세계지리, 경제, 사회문화, 생활과 윤리 , 과학교과 : 물리학Ⅰ, 화학Ⅰ, 기술ㆍ가정교과 : 기술ㆍ가정, 정보"
산업공학과,진로선택과목,"실용수학, 기하, 경제수학, 수학과제 탐구, 물리학Ⅱ, 화학Ⅱ, 생활과 과학, 융합과학, 공학 일반, 사회문제 탐구, 창의 경영, 지식 재산 일반"
산업공학과,전문교과Ⅰ,"심화수학ⅠㆍⅡ, 고급 수학ⅠㆍⅡ, 고급 물리학, 물리학 실험, 고급 화학, 화학 실험, 정보과학, 융합과학탐구, 과학과제 연구, 생태와 환경, 지역 이해, 세계 문제와 미래 사회, 사회 탐구 방법, 사회과제 연구"
산업공학과,전문교과Ⅱ,"공업 일반, 기업과 경영, 프로그래밍, 빅데이터 분석"
세라믹공학과,공통과목,"수학, 영어, 과학, 기술ㆍ가정"
세라믹공학과,일반선택과목,"수학교과 : 수학ⅠㆍⅡ, 미적분, 확률과 통계, 영어교과 : 영어 회화, 영어Ⅰ, 영어 독해와 작문, 영어Ⅱ, 과학교과 : 물리학Ⅰ, 화학Ⅰ, 기술ㆍ가정교과 : 기술ㆍ가정, 정보"
세라믹공학과,진로선택과목,"기하, 수학과제 탐구, 영어권 문화, 물리학Ⅱ, 화학Ⅱ, 공학 일반"
세라믹공학과,전문교과Ⅰ,"심화수학ⅠㆍⅡ, 고급 수학ⅠㆍⅡ, 고급 물리학, 물리학 실험, 고급 화학, 화학 실험, 정보과학, 융합과학탐구, 과학과제연구"
세라믹공학과,전문교과Ⅱ,"공업 일반, 반도체 개발, 프로그래밍, 자료구조"
신소재공학과,공통과목,"수학, 과학, 기술ㆍ가정"
신소재공학과,일반선택과목,"수학교과 : 수학ⅠㆍⅡ, 미적분, 확률과 통계, 과학교과 : 물리학Ⅰ, 화학Ⅰ, 생명과학Ⅰ, 기술ㆍ가정교과 : 기술ㆍ가정, 정보"
신소재공학과,진로선택과목,"기하, 물리학Ⅱ, 화학Ⅱ, 생명과학, 공학 일반"
신소재공학과,전문교과Ⅰ,"심화수학ⅠㆍⅡ, 고급 수학ⅠㆍⅡ, 고급 물리학, 물리학 실험, 고급 화학, 화학 실험, 고급 생명과학, 생명과학 실험, 생태와 환경, 정보과학, 과학과제 연구"
신소재공학과,전문교과Ⅱ,"재료 시험, 재료 일반, 산업 설비, 프로그래밍"
재료공학과,공통과목,"수학, 과학, 기술ㆍ가정"
재료공학과,일반선택과목,"수학교과 : 수학ⅠㆍⅡ, 미적분, 확률과 통계, 과학교과 : 물리학Ⅰ, 화학Ⅰ, 기술ㆍ가정교과 : 기술ㆍ가정, 정보"
재료공학과,진로선택과목,"기하, 물리학Ⅱ, 화학Ⅱ, 공학 일반"
재료공학과,전문교과Ⅰ,"심화수학ⅠㆍⅡ, 고급 수학ⅠㆍⅡ, 고급 물리학, 물리학 실험, 고급 화학, 화학 실험, 과학과제 연구"
재료공학과,전문교과Ⅱ,"공업 일반, 금속 열처리, 금속 재료 가공"
지역개발학과,공통과목,"사회, 생활ㆍ교양"
지역개발학과,일반선택과목,"사회교과 : 한국지리, 세계지리, 경제, 생활과 윤리, 생활ㆍ교양교과 : 심리학, 환경"
지역개발학과,진로선택과목,"실용 수학, 경제 수학, 여행지리, 사회문제 탐구"
지역개발학과,전문교과Ⅰ,"지역 이해, 세계 문제와 미래 사회, 현대 세계의 변화, 사회 탐구 방법 및 사회과제 연구"
지역개발학과,전문교과Ⅱ,"공간정보융합서비스, 빅데이터 분석, 인간과 환경, 환경 보전"
회계학과,공통과목,"수학, 사회, 기술ㆍ가정, 생활ㆍ교양"
회계학과,일반선택과목,"수학교과 : 수학I, Ⅱ, 미적분, 확률과 통계, 사회교과 : 경제, 사회ㆍ문화, 생활과 윤리, 기술ㆍ가정교과 : 정보, 생활ㆍ교양교과 : 실용 경제"
회계학과,진로선택과목,"실용 수학, 기하, 경제 수학, 수학 과제 탐구, 사회문제 탐구"
회계학과,전문교과Ⅰ,"심화 수학I, 정보과학, 국제 경제, 국제법, 지역 이해, 세계 문제와 미래 사회, 국제 관계와 국제기구, 사회 탐구 방법 및 사회과제 연구"
회계학과,전문교과Ⅱ,"회계 원리, 세무 일반, 금융 일반, 보험 일반, 예산ㆍ자금, 무역 금융 업무"
방송연예과,공통과목,"음악, 윤리"
방송연예과,일반선택과목,"예술교과 : 음악, 사회교과 : 생활과 윤리, 윤리와 사상, 교양교과 : 철학, 심리학, 교육학"
방송연예과,진로선택과목,"음악 연주, 음악 감상과 비평"
방송연예과,전문교과Ⅰ,"음악이론, 음악사, 시창ㆍ청음, 음악 전공 실기"
방송연예과,전문교과Ⅱ,음악 콘텐츠 제작 
연극영화과,공통과목,"음악, 윤리"
연극영화과,일반선택과목,"예술교과 : 음악, 사회교과 : 생활과 윤리, 윤리와 사상, 교양교과 : 철학, 심리학, 교육학"
연극영화과,진로선택과목,"음악 연주, 음악 감상과 비평"
연극영화과,전문교과Ⅰ,"음악이론, 음악사, 시창ㆍ청음, 음악 전공 실기"
연극영화과,전문교과Ⅱ,음악 콘텐츠 제작 
연극영화학과,공통과목,"음악, 윤리"
연극영화학과,일반선택과목,"예술교과 : 음악, 사회교과 : 생활과 윤리, 윤리와 사상, 교양교과 : 철학, 심리학, 교육학"
연극영화학과,진로선택과목,"음악 연주, 음악 감상과 비평"
연극영화학과,전문교과Ⅰ,"음악이론, 음악사, 시창ㆍ청음, 음악 전공 실기"
연극영화학과,전문교과Ⅱ,음악 콘텐츠 제작 
건축공학과,공통과목,"수학, 사회, 과학, 기술ㆍ가정"
건축공학과,일반선택과목,"수학교과 : 수학ⅠㆍⅡ, 미적분, 확률과 통계, 사회교과 : 한국지리, 세계지리, 사회ㆍ문화, 과학교과 : 물리학Ⅰ, 화학Ⅰ, 지구과학Ⅰ, 기술ㆍ가정교과 : 기술ㆍ가정, 정보"
건축공학과,진로선택과목,"실용수학, 기하, 수학과제 탐구, 사회문제 탐구, 물리학Ⅱ, 화학Ⅱ, 지구과학Ⅱ, 생활과 과학, 융합과학, 공학 일반"
건축공학과,전문교과Ⅰ,"심화수학ⅠㆍⅡ, 고급 수학ⅠㆍⅡ, 고급 물리학, 물리학 실험, 고급 화학, 화학 실험, 고급 지구과학, 지구과학 실험, 정보과학, 생태와 환경, 과학과제 연구, 지역 이해, 세계 문제와 미래 사회, 사회과제 연구"
건축공학과,전문교과Ⅱ,"공업 일반, 건축 일반, 건축 도면 해석과 제도, 프로그래밍"
금형설계과,공통과목,"수학, 과학, 기술ㆍ가정"
금형설계과,일반선택과목,"수학교과 : 수학ⅠㆍⅡ, 미적분, 확률과 통계, 과학교과 : 물리학Ⅰ, 화학Ⅰ, 기술ㆍ가정교과 : 기술ㆍ가정, 정보"
금형설계과,진로선택과목,"기하, 물리학Ⅱ, 화학Ⅱ, 공학 일반"
금형설계과,전문교과Ⅰ,"심화수학ⅠㆍⅡ, 고급 수학ⅠㆍⅡ, 고급 물리학, 물리학 실험, 고급 화학, 화학 실험, 정보과학, 융합과학탐구, 과학과제연구"
금형설계과,전문교과Ⅱ,"공업 일반, 기계 제도, 기계 일반, 기계 제어 설계"
산업설비자동화과,공통과목,"수학, 사회, 과학, 기술ㆍ가정"
산업설비자동화과,일반선택과목,"수학교과 : 수학ⅠㆍⅡ, 미적분, 확률과 통계, 사회교과 : 한국지리, 세계지리, 경제, 사회문화, 생활과 윤리 , 과학교과 : 물리학Ⅰ, 화학Ⅰ, 기술ㆍ가정교과 : 기술ㆍ가정, 정보"
산업설비자동화과,진로선택과목,"실용수학, 기하, 경제수학, 수학과제 탐구, 물리학Ⅱ, 화학Ⅱ, 생활과 과학, 융합과학, 공학 일반, 사회문제 탐구, 창의 경영, 지식 재산 일반"
산업설비자동화과,전문교과Ⅰ,"심화수학ⅠㆍⅡ, 고급 수학ⅠㆍⅡ, 고급 물리학, 물리학 실험, 고급 화학, 화학 실험, 정보과학, 융합과학탐구, 과학과제 연구, 생태와 환경, 지역 이해, 세계 문제와 미래 사회, 사회 탐구 방법, 사회과제 연구"
산업설비자동화과,전문교과Ⅱ,"공업 일반, 기업과 경영, 프로그래밍, 빅데이터 분석"
건축과,공통과목,"수학, 사회, 과학, 기술ㆍ가정"
건축과,일반선택과목,"수학교과 : 수학ⅠㆍⅡ, 미적분, 확률과 통계, 사회교과 : 한국지리, 세계지리, 사회ㆍ문화, 과학교과 : 물리학Ⅰ, 화학Ⅰ, 지구과학Ⅰ, 기술ㆍ가정교과 : 기술ㆍ가정, 정보"
건축과,진로선택과목,"실용수학, 기하, 수학과제 탐구, 사회문제 탐구, 물리학Ⅱ, 화학Ⅱ, 지구과학Ⅱ, 생활과 과학, 융합과학, 공학 일반"
건축과,전문교과Ⅰ,"심화수학ⅠㆍⅡ, 고급 수학ⅠㆍⅡ, 고급 물리학, 물리학 실험, 고급 화학, 화학 실험, 고급 지구과학, 지구과학 실험, 정보과학, 생태와 환경, 과학과제 연구, 지역 이해, 세계 문제와 미래 사회, 사회과제 연구"
건축과,전문교과Ⅱ,"건축 일반, 건축 도면 해석과 제도, 프로그래밍"
건축학과,공통과목,"수학, 사회, 과학, 기술ㆍ가정"
건축학과,일반선택과목,"수학교과 : 수학ⅠㆍⅡ, 미적분, 확률과 통계, 사회교과 : 한국지리, 세계지리, 사회ㆍ문화, 과학교과 : 물리학Ⅰ, 화학Ⅰ, 지구과학Ⅰ, 기술ㆍ가정교과 : 기술ㆍ가정, 정보"
건축학과,진로선택과목,"실용수학, 기하, 수학과제 탐구, 사회문제 탐구, 물리학Ⅱ, 화학Ⅱ, 지구과학Ⅱ, 생활과 과학, 융합과학, 공학 일반"
건축학과,전문교과Ⅰ,"심화수학ⅠㆍⅡ, 고급 수학ⅠㆍⅡ, 고급 물리학, 물리학 실험, 고급 화학, 화학 실험, 고급 지구과학, 지구과학 실험, 정보과학, 생태와 환경, 과학과제 연구, 지역 이해, 세계 문제와 미래 사회, 사회과제 연구"
건축학과,전문교과Ⅱ,"건축 일반, 건축 도면 해석과 제도, 프로그래밍"
토목공학과,공통과목,"수학, 과학, 기술ㆍ가정"
토목공학과,일반선택과목,"수학교과 : 수학ⅠㆍⅡ, 미적분, 확률과 통계, 과학교과 : 물리학Ⅰ, 화학Ⅰ, 지구과학Ⅰ, 기술ㆍ가정교과 : 기술ㆍ가정, 정보"
토목공학과,진로선택과목,"기하, 수학과제 탐구, 물리학Ⅱ, 화학Ⅱ, 지구과학Ⅱ, 생활과 과학, 융합과학, 공학 일반"
토목공학과,전문교과Ⅰ,"심화수학ⅠㆍⅡ, 고급 수학ⅠㆍⅡ, 고급 물리학, 물리학 실험, 고급 화학, 화학 실험, 고급 지구과학, 지구과학 실험, 정보과학, 융합과학 탐구, 과학과제연구, 생태와 환경"
토목공학과,전문교과Ⅱ,"공업 일반, 토목 일반, 측량, 공간 정보 구축, 공간 정보 융합 서비스"
토목과,공통과목,"수학, 과학, 기술ㆍ가정"
토목과,일반선택과목,"수학교과 : 수학ⅠㆍⅡ, 미적분, 확률과 통계, 과학교과 : 물리학Ⅰ, 화학Ⅰ, 지구과학Ⅰ, 기술ㆍ가정교과 : 기술ㆍ가정, 정보"
토목과,진로선택과목,"기하, 수학과제 탐구, 물리학Ⅱ, 화학Ⅱ, 지구과학Ⅱ, 생활과 과학, 융합과학, 공학 일반"
토목과,전문교과Ⅰ,"심화수학ⅠㆍⅡ, 고급 수학ⅠㆍⅡ, 고급 물리학, 물리학 실험, 고급 화학, 화학 실험, 고급 지구과학, 지구과학 실험, 정보 과학, 융합과학 탐구, 과학과제연구, 생태와 환경"
토목과,전문교과Ⅱ,"공업 일반, 토목 일반, 측량, 공간 정보 구축, 공간 정보 융합 서비스"
도시건설과,공통과목,"수학, 사회, 과학, 기술ㆍ가정"
도시건설과,일반선택과목,"수학교과 : 수학ⅠㆍⅡ, 미적분, 확률과 통계, 사회교과 : 한국지리, 세계지리, 세계사, 경제, 사회문화, 생활과 윤리, 과학교과 : 물리학Ⅰ, 화학Ⅰ, 지구과학Ⅰ"
도시건설과,진로선택과목,"실용수학, 기하, 경제수학, 수학과제 탐구, 물리학Ⅱ, 화학Ⅱ, 지구과학Ⅱ, 생활과 과학, 융합과학, 공학 일반, 사회문제 탐구"
도시건설과,전문교과Ⅰ,"심화수학ⅠㆍⅡ, 고급 수학ⅠㆍⅡ, 고급 물리학, 물리학 실험, 고급 화학, 화학 실험, 고급 지구과학, 지구과학 실험, 정보과학, 융합과학탐구, 과학과제 연구, 생태와 환경, 지역 이해, 사회과제 연구"
도시건설과,전문교과Ⅱ,"공간 정보 구축, 공간 정보 융합 서비스, 빅테이터 분석, 인간과 환경, 환경보전"
기계과,공통과목,"수학, 과학, 기술ㆍ가정"
기계과,일반선택과목,"수학교과 : 수학ⅠㆍⅡ, 미적분, 확률과 통계, 과학교과 : 물리학Ⅰ, 화학Ⅰ, 기술ㆍ가정교과 : 기술ㆍ가정, 정보"
기계과,진로선택과목,"기하, 물리학Ⅱ, 화학Ⅱ, 공학 일반"
기계과,전문교과Ⅰ,"심화수학ⅠㆍⅡ, 고급 수학ⅠㆍⅡ, 고급 물리학, 물리학 실험, 고급 화학, 화학 실험, 정보과학, 융합과학탐구, 과학과제연구"
기계과,전문교과Ⅱ,"공업 일반, 기계 제도, 기계 일반, 기계 제어 설계"
제어계측공학과,공통과목,"수학, 과학, 기술ㆍ가정"
제어계측공학과,일반선택과목,"수학교과 : 수학ⅠㆍⅡ, 미적분, 확률과 통계, 과학교과 : 물리학Ⅰ, 화학Ⅰ, 기술ㆍ가정교과 : 기술ㆍ가정, 정보"
제어계측공학과,진로선택과목,"기하, 물리학Ⅱ, 화학Ⅱ, 공학 일반"
제어계측공학과,전문교과Ⅰ,"심화수학ⅠㆍⅡ, 고급 수학ⅠㆍⅡ, 고급 물리학, 물리학 실험, 고급 화학, 화학 실험, 정보과학, 융합과학탐구, 과학과제연구"
제어계측공학과,전문교과Ⅱ,"공업 일반, 기계 제어 설계, 기계 소프트웨어 개발, 프로그래밍, 사물 인터넷 서비스 기획"
제어계측과,공통과목,"수학, 과학, 기술ㆍ가정"
제어계측과,일반선택과목,"수학교과 : 수학ⅠㆍⅡ, 미적분, 확률과 통계, 과학교과 : 물리학Ⅰ, 화학Ⅰ, 기술ㆍ가정교과 : 기술ㆍ가정, 정보"
제어계측과,진로선택과목,"기하, 물리학Ⅱ, 화학Ⅱ, 공학일반"
제어계측과,전문교과Ⅰ,"심화수학ⅠㆍⅡ, 고급 수학ⅠㆍⅡ, 고급 물리학, 물리학 실험, 고급 화학, 화학 실험, 정보과학, 융합과학탐구, 과학과제연구"
제어계측과,전문교과Ⅱ,"공업 일반, 기계 제어 설계, 기계 소프트웨어 개발, 프로그래밍, 사물 인터넷 서비스 기획"
실내디자인과,공통과목,"미술, 윤리"
실내디자인과,일반선택과목,"예술교과 : 미술, 사회교과 : 생활과 윤리, 윤리와 사상, 교양교과 : 철학, 심리학, 교육학"
실내디자인과,진로선택과목,"미술 창작, 미술 감상과 비평"
실내디자인과,전문교과Ⅰ,"미술 이론, 미술사, 드로잉 미술 전공 실기"
실내디자인과,전문교과Ⅱ,"디자인 일반, 시각디자인, 색체 관리"
실내디자인학과,공통과목,"미술, 윤리"
실내디자인학과,일반선택과목,"예술교과 : 미술, 사회교과 : 생활과 윤리, 윤리와 사상, 교양교과 : 철학, 심리학, 교육학"
실내디자인학과,진로선택과목,"미술 창작, 미술 감상과 비평"
실내디자인학과,전문교과Ⅰ,"미술 이론, 미술사, 드로잉, 미술 전공 실기"
실내디자인학과,전문교과Ⅱ,"디자인 일반, 시각 디자인, 색채 관리"
응용소프트웨어공학과,공통과목,"수학, 과학, 기술ㆍ가정"
응용소프트웨어공학과,일반선택과목,"수학교과 : 수학Ⅰ, 수학Ⅱ, 미적분, 확률과 통계, 사회교과 : 한국지리, 세계지리, 경제, 사회문화, 생활과 윤리, 과학교과 : 물리학Ⅰ, 기술ㆍ가정교과 : 기술ㆍ가정, 정보"
응용소프트웨어공학과,진로선택과목,"실용 수학, 기하, 수학과제 탐구, 물리학Ⅱ, 생활과 과학, 융합과학, 공학 일반"
응용소프트웨어공학과,전문교과Ⅰ,"심화수학ⅠㆍⅡ, 고급 수학ⅠㆍⅡ, 고급 물리학, 물리학 실험, 정보과학, 융합과학탐구, 과학과제연구, 지역 이해,, 사회탐구 방법, 사회과제 연구"
응용소프트웨어공학과,전문교과Ⅱ,"프로그래밍, 자료구조, 빅데이터 분석, 사물 인터넷 서비스 기획"
정보통신공학과,공통과목,"수학, 사회, 과학, 기술ㆍ가정"
정보통신공학과,일반선택과목,"수학교과 : 수학Ⅰ, 수학Ⅱ, 미적분, 확률과 통계, 사회교과 : 한국지리, 세계지리, 경제, 사회문화, 생활과 윤리, 과학교과 : 물리학Ⅰ, 화학Ⅰ, 기술ㆍ가정교과 : 기술ㆍ가정, 정보"
정보통신공학과,진로선택과목,"실용 수학, 기하, 수학과제 탐구, 물리학Ⅱ, 화학Ⅱ, 생활과 과학, 융합과학, 공학 일반, 사회문제 탐구"
정보통신공학과,전문교과Ⅰ,"심화수학ⅠㆍⅡ, 고급 수학ⅠㆍⅡ, 고급 물리학, 물리학 실험, 고급 화학, 화학 실험, 정보과학, 융합과학탐구, 과학과제연구, 생태와 환경, 지역 이해, 사회과제 연구"
정보통신공학과,전문교과Ⅱ,"정보처리와 관리, 프로그래밍, 자료구조, 네트워크 프로그래밍, 정보보호관리"
경찰행정과,공통과목,"사회, 생활ㆍ교양"
경찰행정과,일반선택과목,"사회교과 : 한국지리, 세계지리, 세계사, 경제, 정치와 법, 사회ㆍ문화, 생활과 윤리, 윤리와 사상, 생활ㆍ교양교과 : 철학, 논리학, 심리학"
경찰행정과,진로선택과목,사회문제 탐구
경찰행정과,전문교과Ⅰ,"지역 이해, 세계 문제와 미래 사회, 현대 세계의 변화, 사회 탐구 방법 및 사회과제 연구"
경찰행정과,전문교과Ⅱ,"커뮤니케이션, 정보처리와 관리, 컴퓨터 보안, 정보 보호 관리, 빅데이터 분석"
경찰행정학과,공통과목,"사회, 생활ㆍ교양"
경찰행정학과,일반선택과목,"사회교과 : 한국지리, 세계지리, 세계사, 경제, 정치와 법, 사회ㆍ문화, 생활과 윤리, 윤리와 사상, 생활ㆍ교양교과 : 철학, 논리학, 심리학"
경찰행정학과,진로선택과목,사회문제 탐구
경찰행정학과,전문교과Ⅰ,"지역 이해, 세계 문제와 미래 사회, 현대 세계의 변화, 사회 탐구 방법 및 사회과제 연구"
경찰행정학과,전문교과Ⅱ,"커뮤니케이션, 정보처리와 관리, 컴퓨터 보안, 정보 보호 관리, 빅데이터 분석"
경호스포츠과,공통과목,"체육, 윤리"
경호스포츠과,일반선택과목,"체육교과 : 체육, 운동과 건강, 사회교과 : 생활과 윤리, 윤리와 사상, 교양교과 : 철학, 심리학, 교육학"
경호스포츠과,진로선택과목,"스포츠 생활, 체육 탐구"
경호스포츠과,전문교과Ⅰ,"스포츠 개론, 체육 지도법, 체육 전공 실기 기초, 체육 전공 실기 심화, 체육 전공 실기 응용"
경호스포츠과,전문교과Ⅱ,"인체 구조와 기능, 간호의 기초"
경호학과,공통과목,"체육, 윤리"
경호학과,일반선택과목,"체육교과 : 체육, 운동과 건강, 사회교과 : 생활과 윤리, 윤리와 사상, 교양교과 : 철학, 심리학, 교육학"
경호학과,진로선택과목,"스포츠 생활, 체육 탐구"
경호학과,전문교과Ⅰ,"스포츠개론, 체육지도법, 체육 전공 실기 기초, 체육 전공 실기 심화, 체육 전공 실기 응용"
경호학과,전문교과Ⅱ,"인체 구조와 기능, 간호의 기초"
경영학과,공통과목,"수학, 사회, 기술ㆍ가정, 생활ㆍ교양"
경영학과,일반선택과목,"수학교과 : 수학I, Ⅱ, 미적분, 확률과 통계, 사회교과 : 경제, 생활과 윤리, 기술ㆍ가정교과 : 정보, 생활ㆍ교양교과 : 실용 경제"
경영학과,진로선택과목,"실용 수학, 기하, 경제 수학, 수학 과제 탐구, 사회문제 탐구, 창의 경영, 지식 재산 일반"
경영학과,전문교과Ⅰ,"심화 수학I, 정보과학, 국제 경제, 세계 문제와 미래 사회, 사회 탐구 방법 및 사회과제 연구"
경영학과,전문교과Ⅱ,"기업과 경영, 회계 정보 처리 시스템, 금융 일반, 마케팅과 광고, 창업 일반, 커뮤니케이션, 유통 관리"
교육학과,공통과목,"국어, 영어, 사회, 윤리"
교육학과,일반선택과목,"사회교과 : 생활과 윤리, 윤리와 사상, 교양교과 : 철학, 심리학, 교육학"
교육학과,진로선택과목,"사회문제 탐구, 고전과 윤리"
교육학과,전문교과Ⅰ,"현대 세계의 변화, 사회 탐구 방법 또는 사회과제 연구"
교육학과,전문교과Ⅱ,복지 서비스의 기초
국제통상학과,공통과목,"영어, 사회, 생활ㆍ교양"
국제통상학과,일반선택과목,"영어교과 : 영어 회화, 영어I, 영어 독해와 작문, 영어Ⅱ, 사회교과 : 한국지리, 세계지리, 경제, 사회ㆍ문화, 생활과 윤리, 생활ㆍ교양교과 : 제2외국어I 과목, 심리학, 교육학, 실용 경제"
국제통상학과,진로선택과목,"실용 수학, 실용 영어, 영어권 문화, 진로 영어, 영미 문학 읽기, 사회문제 탐구, 창의 경영, 지식 재산 일반, 제2외국어Ⅱ 과목"
국제통상학과,전문교과Ⅰ,"정보과학, 국제 정치, 국제 경제, 국제법, 지역 이해, 비교 문화, 세계 문제와 미래 사회, 사회 탐구 방법 및 사회과제 연구"
국제통상학과,전문교과Ⅱ,"커뮤니케이션, 국제 상무, 기업과 경영, 비즈니스 영어"
무역학과,공통과목,"수학, 영어, 사회, 기술ㆍ가정, 생활ㆍ교양"
무역학과,일반선택과목,"수학교과 : 수학I, Ⅱ, 미적분, 확률과 통계, 영어교과 : 영어 독해와 작문, 사회교과 : 한국지리, 세계지리, 사회ㆍ문화, 경제, 정치와 법, 생활과 윤리, 기술ㆍ가정교과 : 정보, 생활ㆍ교양교과 : 제2외국어I 과목, 실용 경제"
무역학과,진로선택과목,"실용 수학, 경제 수학, 수학 과제 탐구, 실용 영어, 진로 영어, 사회문제 탐구, 지식 재산 일반, 제2외국어Ⅱ 과목"
무역학과,전문교과Ⅰ,"심화 수학I, 정보과학, 국제 경제, 국제법, 지역 이해, 세계 문제와 미래 사회, 국제 관계와 국제기구, 사회 탐구 방법 및 사회과제 연구"
무역학과,전문교과Ⅱ,"상업경제, 유통 일반, 국제 상무, 비즈니스 영어, 커뮤니케이션, 무역 금융 업무, 전자 상거래 일반, 수출입 관리, 원산지 관리"
세무학과,공통과목,"수학, 사회, 기술ㆍ가정, 생활ㆍ교양"
세무학과,일반선택과목,"수학교과 : 수학I, Ⅱ, 미적분, 확률과 통계, 사회교과 : 경제, 사회ㆍ문화, 생활과 윤리, 기술ㆍ가정교과 : 정보, 생활ㆍ교양교과 : 실용 경제"
세무학과,진로선택과목,"실용 수학, 기하, 경제 수학, 수학 과제 탐구, 사회문제 탐구"
세무학과,전문교과Ⅰ,"심화 수학I, 정보과학, 국제 경제, 국제법, 지역 이해, 세계 문제와 미래 사회, 국제 관계와 국제기구, 사회 탐구 방법 및 사회과제 연구"
세무학과,전문교과Ⅱ,"회계 원리, 세무 일반, 금융 일반, 보험 일반, 예산ㆍ자금, 무역 금융 업무"
심리학과,공통과목,"수학, 사회, 과학, 생활ㆍ교양"
심리학과,일반선택과목,"수학교과 : 수학Ⅰ,Ⅱ, 미적분. 확률과 통계, 사회교과 : 사회ㆍ문화, 생활과 윤리, 윤리와 사상, 과학교과 : 화학Ⅰ, 생명과학Ⅰ, 생활ㆍ교양교과 : 철학, 교육학, 심리학"
심리학과,진로선택과목,"실용 수학, 수학과제 탐구, 사회문제 탐구"
심리학과,전문교과Ⅰ,사회 탐구 방법 및 사회과제 연구
심리학과,전문교과Ⅱ,"인간 발달, 빅데이터 분석"
해양경찰학과,공통과목,"사회, 생활ㆍ교양"
해양경찰학과,일반선택과목,"사회교과 : 한국지리, 세계지리, 세계사, 경제, 정치와 법, 사회ㆍ문화, 생활과 윤리, 윤리와 사상, 생활ㆍ교양교과 : 철학, 논리학, 심리학"
해양경찰학과,진로선택과목,사회문제 탐구
해양경찰학과,전문교과Ⅰ,"지역 이해, 세계 문제와 미래 사회, 현대 세계의 변화, 사회 탐구 방법 및 사회과제 연구"
해양경찰학과,전문교과Ⅱ,"커뮤니케이션, 정보처리와 관리, 컴퓨터 보안, 정보 보호 관리, 빅데이터 분석"
무용과,공통과목,"체육, 윤리"
무용과,일반선택과목,"체육교과 : 체육, 운동과 건강, 사회교과 : 생활과 윤리, 윤리와 사상, 교양교과 : 철학, 심리학, 교육학"
무용과,진로선택과목,"스포츠 생활, 체육 탐구"
무용과,전문교과Ⅰ,"스포츠 개론, 체육 지도법, 체육 전공 실기 기초, 체육 전공 실기 심화, 체육 전공 실기 응용"
무용과,전문교과Ⅱ,"인체 구조와 기능, 간호의 기초"
무용학과,공통과목,"체육, 윤리"
무용학과,일반선택과목,"체육교과 : 체육, 운동과 건강, 사회교과 : 생활과 윤리, 윤리와 사상, 교양교과 : 철학, 심리학, 교육학"
무용학과,진로선택과목,"스포츠 생활, 체육 탐구"
무용학과,전문교과Ⅰ,"스포츠개론, 체육지도법, 체육 전공 실기 기초, 체육 전공 실기 심화, 체육 전공 실기 응용"
무용학과,전문교과Ⅱ,"인체 구조와 기능, 간호의 기초"
사회체육과,공통과목,"체육, 윤리"
사회체육과,일반선택과목,"체육교과 : 체육, 운동과 건강, 사회교과 : 생활과 윤리, 윤리와 사상, 교양교과 : 철학, 심리학, 교육학"
사회체육과,진로선택과목,"스포츠 생활, 체육 탐구"
사회체육과,전문교과Ⅰ,"스포츠 개론, 체육 지도법, 체육 전공 실기 기초, 체육 전공 실기 심화, 체육 전공 실기 응용"
사회체육과,전문교과Ⅱ,"인체 구조와 기능, 간호의 기초"
사회체육학과,공통과목,"체육, 윤리"
사회체육학과,일반선택과목,"체육교과 : 체육, 운동과 건강, 사회교과 : 생활과 윤리, 윤리와 사상, 교양교과 : 철학, 심리학, 교육학"
사회체육학과,진로선택과목,"스포츠 생활, 체육 탐구"
사회체육학과,전문교과Ⅰ,"스포츠 개론, 체육 지도법, 체육 전공 실기 기초, 체육 전공 실기 심화, 체육 전공 실기 응용"
사회체육학과,전문교과Ⅱ,"인체 구조와 기능, 간호의 기초"
체육학과,공통과목,"체육, 윤리"
체육학과,일반선택과목,"체육교과 : 체육, 운동과 건강, 사회교과 : 생활과 윤리, 윤리와 사상, 교양교과 : 철학, 심리학, 교육학"
체육학과,진로선택과목,"스포츠 생활, 체육 탐구"
체육학과,전문교과Ⅰ,"스포츠 개론, 체육 지도법, 체육 전공 실기 기초, 체육 전공 실기 심화, 체육 전공 실기 응용"
체육학과,전문교과Ⅱ,"인체 구조와 기능, 간호의 기초"
행정학과,공통과목,"사회, 생활ㆍ교양"
행정학과,일반선택과목,"사회교과 : 한국지리, 세계지리, 세계사, 경제, 정치와 법, 사회ㆍ문화, 생활과 윤리, 윤리와 사상, 생활ㆍ교양교과 : 철학, 논리학, 심리학"
행정학과,진로선택과목,사회문제 탐구
행정학과,전문교과Ⅰ,"국제 정치, 국제 경제, 국제법, 지역 이해, 비교 문화, 세계 문제와 미래 사회, 국제 관계와 국제기구, 현대 세계의 변화, 사회 탐구 방법 및 사회과제 연구"
행정학과,전문교과Ⅱ,"커뮤니케이션, 정보처리와 관리, 정보 보호 관리, 빅데이터 분석"
통계학과,공통과목,"수학, 사회, 기술가정, 생활ㆍ교양"
통계학과,일반선택과목,"수학교과 : 수학Ⅰ,Ⅱ, 미적분, 확률과 통계, 사회교과 : 경제, 사회문화, 생활과 윤리, 기술ㆍ가정교과 : 정보, 생활ㆍ교양교과 : 실용 경제"
통계학과,진로선택과목,"실용 수학, 기하, 경제 수학, 수학 과제 탐구, 사회문제 탐구"
통계학과,전문교과Ⅰ,"심화 수학Ⅰ, 정보과학, 국제 경제, 국제법, 지역 이해, 세계 문제와 미래 사회, 국제 관계와 국제기구, 사회 탐구 방법 및 사회과제 연구"
통계학과,전문교과Ⅱ,"기업 자원 통합 관리, 금융 일반, 보험 일반, 예산ㆍ자금"
식물자원학과,공통과목,"과학, 교양, 영어"
식물자원학과,일반선택과목,"과학교과 : 생명과학Ⅰ, 화학Ⅰ, 지구과학Ⅰ, 물리Ⅰ, 교양교과 : 환경, 보건학, 논술, 생활과 창의성, 진로와 직업, 영어ㆍ생활교과 : 영어Ⅰ, 영어Ⅱ, 기술가정, 정보"
식물자원학과,진로선택과목,"생명과학Ⅱ, 융합과학, 생활과 과학, 화학Ⅱ, 농업생명과학, 공학일반, 창의경영, 해양문화 기술"
식물자원학과,전문교과Ⅰ,"고급 생명과학, 생명과학 실험, 물리화학 실험, 융합과학 탐구, 정보과학, 과학 과제연구, 생태와 환경"
식물자원학과,전문교과Ⅱ,"생명공학 기술, 인간과 환경, 환경 화학 기초, 친환경 농업, 농업 기초 기술"
공예과,공통과목,"미술, 윤리"
공예과,일반선택과목,"예술교과 : 미술, 사회교과 : 생활과 윤리, 윤리와 사상, 교양교과 : 철학, 심리학, 교육학"
공예과,진로선택과목,"미술 창작, 미술 감상과 비평"
공예과,전문교과Ⅰ,"미술 이론, 미술사, 드로잉 미술 전공 실기"
공예과,전문교과Ⅱ,"디자인 일반, 시각디자인, 색체 관리"
공예디자인학과,공통과목,"미술, 윤리"
공예디자인학과,일반선택과목,"예술교과 : 미술, 사회교과 : 생활과 윤리, 윤리와 사상, 교양교과 : 철학, 심리학, 교육학"
공예디자인학과,진로선택과목,"미술 창작, 미술 감상과 비평"
공예디자인학과,전문교과Ⅰ,"미술 이론, 미술사, 드로잉, 미술 전공 실기"
공예디자인학과,전문교과Ⅱ,"디자인 일반, 시각 디자인, 색채 관리"
공예학과,공통과목,"미술, 윤리"
공예학과,일반선택과목,"예술교과 : 미술, 사회교과 : 생활과 윤리, 윤리와 사상, 교양교과 : 철학, 심리학, 교육학"
공예학과,진로선택과목,"미술 창작, 미술 감상과 비평"
공예학과,전문교과Ⅰ,"미술 이론, 미술사, 드로잉, 미술 전공 실기"
공예학과,전문교과Ⅱ,"디자인 일반, 시각 디자인, 색채 관리"
금속공예과,공통과목,"미술, 윤리"
금속공예과,일반선택과목,"예술교과 : 미술, 사회교과 : 생활과 윤리, 윤리와 사상, 교양교과 : 철학, 심리학, 교육학"
금속공예과,진로선택과목,"미술 창작, 미술 감상과 비평"
금속공예과,전문교과Ⅰ,"미술 이론, 미술사, 드로잉 미술 전공 실기"
금속공예과,전문교과Ⅱ,"디자인 일반, 시각디자인, 색체 관리"
금속공예학과,공통과목,"미술, 윤리"
금속공예학과,일반선택과목,"예술교과 : 미술, 사회교과 : 생활과 윤리, 윤리와 사상, 교양교과 : 철학, 심리학, 교육학"
금속공예학과,진로선택과목,"미술 창작, 미술 감상과 비평"
금속공예학과,전문교과Ⅰ,"미술 이론, 미술사, 드로잉, 미술 전공 실기"
금속공예학과,전문교과Ⅱ,"디자인 일반, 시각 디자인, 색채 관리"
도자기공예과,공통과목,"미술, 윤리"
도자기공예과,일반선택과목,"예술교과 : 미술, 사회교과 : 생활과 윤리, 윤리와 사상, 교양교과 : 철학, 심리학, 교육학"
도자기공예과,진로선택과목,"미술 창작, 미술 감상과 비평"
도자기공예과,전문교과Ⅰ,"미술 이론, 미술사, 드로잉 미술 전공 실기"
도자기공예과,전문교과Ⅱ,"디자인 일반, 시각디자인, 색체 관리"
산업디자인학과,공통과목,"미술, 윤리"
산업디자인학과,일반선택과목,"예술교과 : 미술, 사회교과 : 생활과 윤리, 윤리와 사상, 교양교과 : 철학, 심리학, 교육학"
산업디자인학과,진로선택과목,"미술 창작, 미술 감상과 비평"
산업디자인학과,전문교과Ⅰ,"미술 이론, 미술사, 드로잉, 미술 전공 실기"
산업디자인학과,전문교과Ⅱ,"디자인 일반, 시각 디자인, 색채 관리"
기계설계공학과,공통과목,"수학, 과학, 기술ㆍ가정"
기계설계공학과,일반선택과목,"수학교과 : 수학ⅠㆍⅡ, 미적분, 확률과 통계, 과학교과 : 물리학Ⅰ, 화학Ⅰ, 기술ㆍ가정교과 : 기술ㆍ가정, 정보"
기계설계공학과,진로선택과목,"기하, 물리학Ⅱ, 화학Ⅱ, 공학 일반"
기계설계공학과,전문교과Ⅰ,"심화수학ⅠㆍⅡ, 고급 수학ⅠㆍⅡ, 고급 물리학, 물리학 실험, 고급 화학, 화학 실험, 정보 과학, 융합과학탐구, 과학과제연구"
기계설계공학과,전문교과Ⅱ,"공업 일반, 기계 제도, 기계 일반, 기계 제어 설계"
원예과,공통과목,"과학, 수학, 사회, 생활ㆍ교양"
원예과,일반선택과목,"과학교과 : 생명과학Ⅰ, 화학Ⅰ, 물리Ⅰ, 지구과학Ⅰ, 수학ㆍ사회교과 : 수학Ⅰ, 수학Ⅱ, 확률과 통계, 미적분, 한국지리, 생활과 윤리, 생활ㆍ교양교과 : 환경, 보건학, 논술, 철학, 정보, 진로와 직업"
원예과,진로선택과목,"생명과학Ⅱ, 융합과학, 생활과 과학, 화학Ⅱ, 공학일반, 창의경영, 지식 재산 일반, 농업생명과학, 사회문제 탐구"
원예과,전문교과Ⅰ,"고급 생명과학, 생명과학 실험, 물리화학 실험, 융합과학 탐구, 과학 과제 연구, 생태와 환경, 정보과학"
원예과,전문교과Ⅱ,"임산 가공, 제조화학, 생명공학 기술, 산림 자원"
원예학과,공통과목,"과학, 수학, 사회, 생활ㆍ교양"
원예학과,일반선택과목,"과학교과 : 생명과학Ⅰ, 화학Ⅰ, 물리Ⅰ, 지구과학Ⅰ, 수학ㆍ사회교과 : 수학Ⅰ, 수학Ⅱ, 확률과 통계, 미적분, 한국지리, 생활과 윤리, 생활ㆍ교양교과 : 환경, 보건학, 논술, 철학, 정보, 진로와 직업"
원예학과,진로선택과목,"생명과학Ⅱ, 융합과학, 생활과 과학, 화학Ⅱ, 공학일반, 창의경영, 지식 재산 일반, 농업생명과학, 사회문제 탐구"
원예학과,전문교과Ⅰ,"고급 생명과학, 생명과학 실험, 물리화학 실험, 융합과학 탐구, 과학 과제연구, 생태와 환경, 정보과학"
원예학과,전문교과Ⅱ,"임산 가공, 제조화학, 생명공학 기술, 산림자원"
독어독문학과,공통과목,"제2외국어, 사회, 예술, 국어"
독어독문학과,일반선택과목,"외국어교과 : 독일어, 프랑스어, 영어 회화, 영어, 사회교과 : 사회문화, 생활과 윤리, 윤리와 사상, 세계사, 교양ㆍ국어교과 : 철학, 심리학, 종교학, 문학, 독서"
독어독문학과,진로선택과목,"독일어Ⅱ, 심화 국어, 고전 읽기, 고전과 윤리, 사회문제 탐구, 여행지리, 음악ㆍ미술감상 비평"
독어독문학과,전문교과Ⅰ,"전공기초 독일어, 독일어 회화, 독일어권 문화, 국제 관계와 국제 기구, 국제 경제, 국제 정치, 지역 이해, 사회과제 연구"
러시아어문학과,공통과목,"제2외국어, 사회, 예술, 국어"
러시아어문학과,일반선택과목,"외국어교과 : 러시아어, 영어 회화, 영어, 사회교과 : 사회문화, 생활과 윤리, 윤리와 사상, 세계사, 세계지리, 국어교과 : 문학, 독서, 화법과 작문, 언어와 매체"
러시아어문학과,진로선택과목,"실용 국어, 심화 국어, 고전 읽기, 고전과 윤리, 사회문제 탐구, 여행지리, 음악감상 비평, 미술감상 비평"
러시아어문학과,전문교과Ⅰ,"전공기초 러시아어, 러시아어 회화, 러시아 문학, 러시아어 독해와 작문, 국제 관계와 국제기구, 국제 경제, 국제 정치, 지역 이해, 사회과제 연구"
러시아어문학과,전문교과Ⅱ,서양 조리
불어불문학과,공통과목,"제2외국어, 사회, 예술, 국어"
불어불문학과,일반선택과목,"외국어교과 : 프랑스어, 독일어, 영어 회화, 영어, 사회교과 : 사회문화, 생활과 윤리, 윤리와 사상, 세계사, 세계지리, 교양ㆍ국어교과 : 철학, 심리학, 종교학, 문학, 독서"
불어불문학과,진로선택과목,"프랑스어Ⅱ, 독일어Ⅱ, 심화 국어, 고전 읽기, 고전과 윤리, 사회문제 탐구, 여행지리, 음악ㆍ미술감상 비평"
불어불문학과,전문교과Ⅰ,"전공기초 프랑스어, 프랑스어 회화, 프랑스어권 문화, 국제 관계와 국제기구, 국제 경제, 국제 정치, 지역 이해. 사회과제 연구"
불어불문학과,전문교과Ⅱ,서양 조리
세무회계과,공통과목,"수학, 사회, 기술ㆍ가정, 생활ㆍ교양"
세무회계과,일반선택과목,"수학교과 : 수학I, Ⅱ, 미적분, 확률과 통계, 사회교과 : 경제, 사회ㆍ문화, 생활과 윤리, 기술ㆍ가정교과 : 정보, 생활ㆍ교양교과 : 실용 경제"
세무회계과,진로선택과목,"실용 수학, 기하, 경제 수학, 수학 과제 탐구, 사회문제 탐구"
세무회계과,전문교과Ⅰ,"심화 수학I, 정보과학, 국제 경제, 국제법, 지역 이해, 세계 문제와 미래 사회, 국제 관계와 국제기구, 사회 탐구 방법 및 사회과제 연구"
세무회계과,전문교과Ⅱ,"회계 원리, 세무 일반, 금융 일반, 보험 일반, 예산ㆍ자금, 무역 금융 업무"
수학과,공통과목,"수학, 사회, 정보, 과학"
수학과,일반선택과목,"수학교과 : 수학Ⅰ, 수학Ⅱ, 미적분, 확률과 통계, 사회교과 : 사회문화, 경제, 생활과 윤리, 생활ㆍ교양교과 : 정보, 논리학, 철학, 논술, 실용경제, 교육학"
수학과,진로선택과목,"실용수학, 기하, 경제수학, 수학과제탐구, 물리학Ⅱ"
수학과,전문교과Ⅰ,"심화수학Ⅰ, 심화수학Ⅱ, 고급수학Ⅰ, 고급수학Ⅱ, 정보과학"
수학과,전문교과Ⅱ,정보처리와 관리
스페인어학과,공통과목,"제2외국어, 사회, 예술, 국어"
스페인어학과,일반선택과목,"외국어교과 : 스페인어, 영어 회화, 영어, 독일어, 프랑스어, 사회교과 : 사회문화, 세계사, 세계지리, 생활과 윤리, 윤리와 사상, 교양ㆍ국어교과 : 철학, 심리학, 문학, 독서, 언어와 매체, 종교학"
스페인어학과,진로선택과목,"실용 국어, 심화 국어, 고전 읽기, 고전과 윤리, 사회문제 탐구, 여행지리, 음악ㆍ미술감상 비평"
스페인어학과,전문교과Ⅰ,"전공기초 스페인어, 스페인어 회화, 스페인어 독해와 작문, 스페인어권 문화, 지역 이해, 사회과제 연구"
스페인어학과,전문교과Ⅱ,서양 조리
영어과,공통과목,"영어, 사회, 예술, 국어"
영어과,일반선택과목,"영어교과 : 영어 회화, 영어Ⅰ, 영어 독해와 작문, 영어Ⅱ, 사회교과 : 사회문화, 생활과 윤리, 윤리와 사상, 세계사, 교양ㆍ국어교과 : 철학, 심리학, 종교학, 제2외국어, 문학, 독서"
영어과,진로선택과목,"실용 영어, 영어권 문화, 진로 영어, 영미 문학 읽기, 음악ㆍ미술감상 비평"
영어과,전문교과Ⅰ,"심화 영어, 심화 영어 회화, 심화 영어 독해, 심화 영어 작문"
영어영문학과,공통과목,"영어, 사회, 예술, 국어"
영어영문학과,일반선택과목,"영어교과 : 영어 회화, 영어Ⅰ, 영어 독해와 작문, 영어Ⅱ, 사회교과 : 사회문화, 생활과 윤리, 윤리와 사상, 세계사, 교양ㆍ국어교과 : 철학, 심리학, 종교학, 제2외국어, 문학, 독서"
영어영문학과,진로선택과목,"실용 영어, 영어권 문화, 진로 영어, 영미 문학 읽기, 음악ㆍ미술감상 비평"
영어영문학과,전문교과Ⅰ,"심화 영어, 심화 영어 회화, 심화 영어 독해, 심화 영어 작문"
영어학과,공통과목,"영어, 사회, 예술, 국어"
영어학과,일반선택과목,"영어교과 : 영어 회화, 영어Ⅰ, 영어 독해와 작문, 영어Ⅱ, 사회교과 : 사회문화, 생활과 윤리, 윤리와 사상, 세계사, 교양ㆍ국어교과 : 철학, 심리학, 종교학, 제2외국어, 문학, 독서"
영어학과,진로선택과목,"실용 영어, 영어권 문화, 진로 영어, 영미 문학 읽기, 음악ㆍ미술감상 비평"
영어학과,전문교과Ⅰ,"심화 영어, 심화 영어 회화, 심화 영어 독해, 심화 영어 작문"
유럽ㆍ기타어과,공통과목,"제2외국어, 사회, 예술, 국어"
유럽ㆍ기타어과,일반선택과목,"외국어교과 : 프랑스어, 독일어, 영어 회화, 영어, 사회교과 : 사회문화, 생활과 윤리, 윤리와 사상, 세계사, 세계지리, 교양ㆍ국어교과 : 철학, 심리학, 종교학, 문학, 독서"
유럽ㆍ기타어과,진로선택과목,"프랑스어Ⅱ, 독일어Ⅱ, 심화 국어, 고전 읽기, 고전과 윤리, 사회문제 탐구, 여행지리, 음악ㆍ미술감상 비평"
유럽ㆍ기타어과,전문교과Ⅰ,"전공기초 프랑스어, 프랑스어 회화, 프랑스어권 문화, 국제 관계와 국제기구, 국제 경제, 국제 정치, 지역 이해. 사회과제 연구"
유럽ㆍ기타어과,전문교과Ⅱ,서양 조리
일본어과,공통과목,"제2외국어, 사회, 국어, 한문"
일본어과,일반선택과목,"외국어교과 : 일본어, 중국어, 독일어, 영어, 사회교과 : 사회문화, 생활과 윤리, 윤리와 사상, 동아시아사, 세계사, 교양ㆍ국어교과 : 철학, 심리학, 한문, 문학, 독서"
일본어과,진로선택과목,"일본어Ⅱ, 일본어 회화, 한문Ⅱ, 심화 국어, 고전 읽기, 고전과 윤리, 사회문제 탐구, 여행지리, 일본 문화"
일본어과,전문교과Ⅰ,"관광 일본어, 사회과제 연구, 사회문제 탐구, 전공기초 일본어"
일본어과,전문교과Ⅱ,"관광 일본어, 일식 조리"
일어일문학과,공통과목,"제2외국어, 사회, 국어, 한문"
일어일문학과,일반선택과목,"외국어교과 : 일본어, 중국어, 독일어, 영어, 사회교과 : 사회문화, 생활과 윤리, 윤리와 사상, 동아시아사, 세계사, 교양ㆍ국어교과 : 철학, 심리학, 한문, 문학, 독서"
일어일문학과,진로선택과목,"일본어Ⅱ, 일본어 회화, 한문Ⅱ, 심화 국어, 고전 읽기, 고전과 윤리, 사회문제 탐구, 여행지리, 일본 문화"
일어일문학과,전문교과Ⅰ,"관광 일본어, 사회과제 연구, 사회문제 탐구, 전공기초 일본어"
일어일문학과,전문교과Ⅱ,"관광 일본어, 일식 조리"
중국어과,공통과목,"제2외국어, 사회, 예술, 국어, 한문"
중국어과,일반선택과목,"외국어교과 : 중국어, 일본어, 영어 회화, 영어, 사회교과 : 사회문화, 생활과 윤리, 윤리와 사상, 동아시아사, 세계사, 교양ㆍ국어교과 : 철학, 심리학, 종교학, 한문, 문학, 독서"
중국어과,진로선택과목,"중국어Ⅱ, 한문Ⅱ, 심화 국어, 고전 읽기, 고전과 윤리, 사회문제 탐구, 여행지리, 미술감상 비평"
중국어과,전문교과Ⅰ,"전공기초 중국어, 중국어 회화, 중국어 독해와 작문, 중국 문화, 사회과제 연구"
중국어과,전문교과Ⅱ,"관광 중국어, 중국 조리"
중어중문학과,공통과목,"제2외국어, 사회, 예술, 국어, 한문"
중어중문학과,일반선택과목,"외국어교과 : 중국어, 일본어, 영어 회화, 영어, 사회교과 : 사회문화, 생활과 윤리, 윤리와 사상, 동아시아사, 세계사, 교양ㆍ국어교과 : 철학, 심리학, 종교학, 한문, 문학, 독서"
중어중문학과,진로선택과목,"중국어Ⅱ, 한문Ⅱ, 심화 국어, 고전 읽기, 고전과 윤리, 사회문제 탐구, 여행지리, 미술감상 비평"
중어중문학과,전문교과Ⅰ,"전공기초 중국어, 중국어 회화, 중국어 독해와 작문, 중국 문화, 사회과제 연구"
중어중문학과,전문교과Ⅱ,"관광 중국어, 중국 조리"
광고기획과,공통과목,"국어, 사회, 생활ㆍ교양"
광고기획과,일반선택과목,"국어교과 : 화법과 작문, 독서, 언어와 매체, 문학, 사회교과 : 정치와 법, 사회ㆍ문화, 생활과 윤리, 생활ㆍ교양교과 : 철학, 논리학, 심리학, 논술"
광고기획과,진로선택과목,"실용 국어, 심화 국어, 고전 읽기, 여행지리, 사회문제 탐구"
광고기획과,전문교과Ⅰ,"지역 이해, 세계 문제와 미래 사회, 현대 세계의 변화, 사회 탐구 방법 및 사회과제 연구"
광고기획과,전문교과Ⅱ,"마케팅과 광고, 커뮤니케이션, 인간발달, 시각디자인, 광고 콘텐츠 제작, 빅데이터 분석"
광고홍보학과,공통과목,"국어, 사회, 생활ㆍ교양"
광고홍보학과,일반선택과목,"국어교과 : 화법과 작문, 독서, 언어와 매체, 문학, 사회교과 : 정치와 법, 사회ㆍ문화, 생활과 윤리, 생활ㆍ교양교과 : 철학, 논리학, 심리학, 논술"
광고홍보학과,진로선택과목,"실용 국어, 심화 국어, 고전 읽기, 여행지리, 사회문제 탐구"
광고홍보학과,전문교과Ⅰ,"지역 이해, 세계 문제와 미래 사회, 현대 세계의 변화, 사회 탐구 방법 및 사회과제 연구"
광고홍보학과,전문교과Ⅱ,"마케팅과 광고, 커뮤니케이션, 인간발달, 시각디자인, 광고 콘텐츠 제작, 빅데이터 분석"
신문방송학과,공통과목,"국어, 사회, 생활ㆍ교양"
신문방송학과,일반선택과목,"국어교과 : 화법과 작문, 독서, 언어와 매체, 문학, 사회교과 : 세계사, 사회ㆍ문화, 생활과 윤리, 생활ㆍ교양교과 : 철학, 논리학, 심리학, 논술"
신문방송학과,진로선택과목,"실용 국어, 심화 국어, 고전 읽기, 사회문제 탐구"
신문방송학과,전문교과Ⅰ,"지역 이해, 세계 문제와 미래 사회, 현대 세계의 변화, 사회 탐구 방법 및 사회과제 연구"
신문방송학과,전문교과Ⅱ,"커뮤니케이션, 미디어 콘텐츠 일반, 문화 콘텐츠 산업 일반, 영상 제작 기초, 방송 일반, 빅데이터 분석"
언론홍보학과,공통과목,"국어, 사회, 생활ㆍ교양"
언론홍보학과,일반선택과목,"국어교과 : 화법과 작문, 독서, 언어와 매체, 문학, 사회교과 : 세계사, 정치와 법, 사회ㆍ문화, 생활과 윤리, 생활ㆍ교양교과 : 철학, 논리학, 심리학, 논술"
언론홍보학과,진로선택과목,"실용 국어, 심화 국어, 고전 읽기, 사회문제 탐구"
언론홍보학과,전문교과Ⅰ,"지역 이해, 세계 문제와 미래 사회, 현대 세계의 변화, 사회 탐구 방법 및 사회과제 연구"
언론홍보학과,전문교과Ⅱ,"커뮤니케이션, 정보처리와 관리, 방송 일반, 빅데이터 분석"
디지털디자인과,공통과목,"수학, 과학, 예술, 생활ㆍ교양, 사회, 국어"
디지털디자인과,일반선택과목,"수학ㆍ과학교과 : 수학Ⅰ, 수학Ⅱ, 확률과 통계, 물리학Ⅰ, 지구과학Ⅰ, 예술ㆍ사회교과 : 미술, 연극, 음악, 사회문화, 생활과 윤리, 세계사, 경제, 생활ㆍ교양교과 : 정보, 심리학, 논술, 인문학적 감성과 역사이해, 문학적 감성과 상상력"
디지털디자인과,진로선택과목,"미술창작, 미술/음악 감상과 비평, 사회문제 탐구, 고전 읽기, 융합 과학, 지식재산 일반, 창의 경영, 기하, 수학탐구 과제"
디지털디자인과,전문교과Ⅰ,"매체미술, 드로잉, 사진표현기법, 문학과 매체. 사회과제 연구, 영화 기술, 시나리오, 현대 세계의 변화"
디지털디자인과,전문교과Ⅱ,"미디어콘텐츠일반, 문화콘텐츠산업일반, 영상제작기초, 컴퓨터그래픽, 프로그래밍, 디지털 논리 회로, 디지털 이미지 재현"
시각디자인과,공통과목,"미술, 윤리"
시각디자인과,일반선택과목,"예술교과 : 미술, 사회교과 : 생활과 윤리, 윤리와 사상, 교양교과 : 철학, 심리학, 교육학"
시각디자인과,진로선택과목,"미술 창작, 미술 감상과 비평"
시각디자인과,전문교과Ⅰ,"미술 이론, 미술사, 드로잉 미술 전공 실기"
시각디자인과,전문교과Ⅱ,"디자인 일반, 시각디자인, 색체 관리"
시각디자인학과,공통과목,"미술, 윤리"
시각디자인학과,일반선택과목,"예술교과 : 미술, 사회교과 : 생활과 윤리, 윤리와 사상, 교양교과 : 철학, 심리학, 교육학"
시각디자인학과,진로선택과목,"미술 창작, 미술 감상과 비평"
시각디자인학과,전문교과Ⅰ,"미술 이론, 미술사, 드로잉, 미술 전공 실기"
시각디자인학과,전문교과Ⅱ,"디자인 일반, 시각 디자인, 색채 관리"
사회복지과,공통과목,"사회, 생활ㆍ교양"
사회복지과,일반선택과목,"사회교과 : 사회ㆍ문화, 생활과 윤리, 윤리와 사상, 생활ㆍ교양교과 : 철학, 논리학, 심리학, 교육학"
사회복지과,진로선택과목,사회문제 탐구
사회복지과,전문교과Ⅰ,"지역 이해, 세계 문제와 미래 사회, 현대 세계의 변화, 사회 탐구 방법 및 사회과제 연구"
사회복지과,전문교과Ⅱ,"사무 행정, 인간 발달, 아동 복지, 복지 서비스의 기초, 대인 복지 서비스"
사회복지상담과,공통과목,"사회, 생활ㆍ교양"
사회복지상담과,일반선택과목,"사회교과 : 사회ㆍ문화, 생활과 윤리, 윤리와 사상, 생활ㆍ교양교과 : 철학, 논리학, 심리학, 교육학"
사회복지상담과,진로선택과목,사회문제 탐구
사회복지상담과,전문교과Ⅰ,"지역 이해, 세계 문제와 미래 사회, 현대 세계의 변화, 사회 탐구 방법 및 사회과제 연구"
사회복지상담과,전문교과Ⅱ,"사무 행정, 인간 발달, 아동 복지, 복지 서비스의 기초, 대인 복지 서비스"
사회복지학과,공통과목,"사회, 생활ㆍ교양"
사회복지학과,일반선택과목,"사회교과 : 한국지리, 정치와 법, 사회ㆍ문화, 경제, 생활과 윤리, 생활ㆍ교양교과 : 철학, 논리학, 심리학, 교육학, 보건"
사회복지학과,진로선택과목,사회문제 탐구
사회복지학과,전문교과Ⅰ,"지역 이해, 세계 문제와 미래 사회, 현대 세계의 변화, 사회 탐구 방법 및 사회과제 연구"
사회복지학과,전문교과Ⅱ,"사무 행정, 인간 발달, 아동 복지, 복지 서비스의 기초, 대인 복지 서비스"
교육공학과,공통과목,"국어, 영어, 기술ㆍ가정 "
교육공학과,일반선택과목,"교양교과 : 심리학, 교육학"
교육공학과,진로선택과목,공학 일반
교육공학과,전문교과Ⅰ,"영상 제작의 이해, 사진 영상 편집"
교육공학과,전문교과Ⅱ,"정보통신 교과의 방송 제작 시스템 운영, 응용 프로그래밍 개발, 인쇄ㆍ출판ㆍ공예 교과의 디지털 이미지 재현 "
과학교육과,공통과목,"영어, 과학, 윤리"
과학교육과,일반선택과목,"과학교과 : 물리학Ⅰ, 생명과학Ⅰ, 화학Ⅰ, 지구과학Ⅰ, 사회교과 : 생활과 윤리, 윤리와 사상, 교양교과 : 철학, 심리학, 교육학"
과학교육과,진로선택과목,"실용수학, 기하, 물리학Ⅱ, 생명과학Ⅱ, 화학Ⅱ, 지구과학Ⅱ, 융합과학, 생활과 과학"
과학교육과,전문교과Ⅰ,"고급 물리학, 물리학 실험, 고급 생명과학, 생명과학 실험, 고급 화학, 화학 실험, 고급 지구과학, 지구과학 실험, 과학과제 연구, 융합과학 탐구"
국어교육과,공통과목,"국어, 사회, 윤리"
국어교육과,일반선택과목,"국어교과 : 화법과 작문, 독서, 언어와 매체, 문학, 사회교과 : 생활과 윤리, 윤리와 사상, 교양교과 : 철학, 심리학, 교육학"
국어교육과,진로선택과목,"실용 국어, 심화 국어, 고전 읽기, 사회문제 탐구, 고전과 윤리"
국어교육과,전문교과Ⅰ,"현대 세계의 변화, 사회 탐구 방법 또는 사회과제 연구"
국어교육과,전문교과Ⅱ,복지 서비스의 기초
독일어교육과,공통과목,"제2외국어, 사회, 예술"
독일어교육과,일반선택과목,"외국어교과 : 독일어, 프랑스어, 영어 회화, 영어, 사회교과 : 사회문화, 생활과 윤리, 윤리와 사상, 세계사, 교양교과 : 교육학, 심리학, 철학 "
독일어교육과,진로선택과목,"독일어Ⅱ, 사회문제 탐구, 여행지리, 음악ㆍ미술감상 비평"
독일어교육과,전문교과Ⅰ,"전공 기초 독일어, 독일어 회화, 독일어권 문화, 국제 관계와 국제기구, 국제 경제, 국제 정치, 지역 이해, 사회과제 연구"
물리교육과,공통과목,"영어, 수학, 과학, 윤리"
물리교육과,일반선택과목,"과학교과 : 물리학Ⅰ, 사회교과 : 생활과 윤리, 윤리와 사상, 교양교과 : 철학, 심리학, 교육학"
물리교육과,진로선택과목,"실용수학, 기하, 물리학Ⅱ, 융합과학"
물리교육과,전문교과Ⅰ,"심화 수학Ⅰ, 심화 수학Ⅱ, 고급 수학Ⅰ, 고급 수학Ⅱ, 고급 물리학, 물리학 실험, 과학과제 연구"
미술교육과,공통과목,"미술, 윤리"
미술교육과,일반선택과목,"예술교과 : 미술, 사회교과 : 생활과 윤리, 윤리와 사상, 교양교과 : 철학, 심리학, 교육학"
미술교육과,진로선택과목,"미술 창작, 미술 감상과 비평"
미술교육과,전문교과Ⅰ,"미술 이론, 미술사, 드로잉, 미술 전공 실기"
미술교육과,전문교과Ⅱ,"디자인 일반, 시각 디자인, 색체 관리"
불어교육과,공통과목,"제2외국어, 사회, 예술"
불어교육과,일반선택과목,"외국어교과 : 프랑스어, 독일어, 영어 회화, 영어, 사회교과 : 사회문화, 생활과 윤리, 윤리와 사상, 세계사, 세계지리, 교양교과 : 교육학, 심리학, 철학 "
불어교육과,진로선택과목,"프랑스어Ⅱ, 독일어Ⅱ, 사회문제 탐구, 여행지리, 음악ㆍ미술감상 비평"
불어교육과,전문교과Ⅰ,"전공 기초 프랑스어, 프랑스어 회화, 프랑스어권 문화, 국제 관계와 국제기구, 국제 경제, 국제 정치, 지역 이해, 사회과제 연구"
생물교육과,공통과목,"영어, 과학, 윤리"
생물교육과,일반선택과목,"과학교과 : 생명과학Ⅰ, 사회교과 : 생활과 윤리, 윤리와 사상, 교양교과 : 철학, 심리학, 교육학"
생물교육과,진로선택과목,"생명과학Ⅱ, 융합과학, 생활과 과학"
생물교육과,전문교과Ⅰ,"고급 생명과학, 생명과학 실험, 과학과제 연구, 융합과학 탐구, 생태와 환경"
생물교육과,전문교과Ⅱ,인간과 환경
수학교육과,공통과목,"영어, 수학, 과학[물리], 윤리"
수학교육과,일반선택과목,"수학교과 : 수학Ⅰ, 수학Ⅱ, 미적분, 확률과 통계, 사회교과 : 생활과 윤리, 윤리와 사상, 교양교과 : 철학, 심리학, 교육학"
수학교육과,진로선택과목,"실용수학, 기하, 경제수학, 수학 과제 탐구"
수학교육과,전문교과Ⅰ,"심화 수학Ⅰ, 심화 수학Ⅱ, 고급 수학Ⅰ, 고급 수학Ⅱ"
역사교육과,공통과목,"영어, 한문, 사회, 윤리"
역사교육과,일반선택과목,"사회교과 : 세계사, 동아시아사, 생활과 윤리, 윤리와 사상, 교양교과 : 철학, 심리학, 교육학"
역사교육과,진로선택과목,한문Ⅱ
역사교육과,전문교과Ⅰ,사회 탐구 방법 또는 사회과제 연구
윤리교육과,공통과목,"영어, 한문, 사회, 윤리"
윤리교육과,일반선택과목,"사회교과 : 생활과 윤리, 윤리와 사상, 교양교과 : 철학, 심리학, 교육학"
윤리교육과,진로선택과목,"한문Ⅱ, 고전과 윤리"
윤리교육과,전문교과Ⅰ,사회 탐구 방법 또는 사회과제 연구
일반사회교육과,공통과목,"사회, 생활ㆍ교양"
일반사회교육과,일반선택과목,"사회교과 : 한국지리, 세계지리, 세계사, 경제, 정치와 법, 사회ㆍ문화, 생활과 윤리, 윤리와 사상"
일반사회교육과,진로선택과목,사회문제 탐구
일반사회교육과,전문교과Ⅰ,"국제 경제, 국제법, 지역 이해, 한국 사회의 이해, 비교 문화, 세계 문제와 미래 사회, 국제 관계와 국제기구, 현대 세계의 변화, 사회 탐구 방법 및 사회과제 연구"
일반사회교육과,전문교과Ⅱ,"커뮤니케이션, 복지 서비스의 기초, 문화 콘텐츠 산업 일반, 빅데이터 분석"
지구과학교육과,공통과목,"영어, 과학, 윤리"
지구과학교육과,일반선택과목,"과학교과 : 지구과학Ⅰ, 사회교과 : 생활과 윤리, 윤리와 사상, 교양교과 : 철학, 심리학, 교육학"
지구과학교육과,진로선택과목,"지구과학Ⅱ, 융합과학, 생활과 과학"
지구과학교육과,전문교과Ⅰ,"고급 지구과학, 지구과학 실험, 과학과제 연구, 융합과학 탐구"
지구과학교육과,전문교과Ⅱ,대기 관리
지리교육과,공통과목,"영어, 사회, 윤리"
지리교육과,일반선택과목,"사회교과 : 한국지리, 세계지리, 생활과 윤리, 윤리와 사상, 교양교과 : 철학, 심리학, 교육학"
지리교육과,진로선택과목,"여행지리, 사회문제 탐구"
지리교육과,전문교과Ⅰ,"지역이해, 비교 문화, 사회 탐구 방법 또는 사회과제 연구"
지리교육과,전문교과Ⅱ,"인간과 환경, 환경생태 관리"
체육교육과,공통과목,"체육, 윤리"
체육교육과,일반선택과목,"체육교과 : 체육, 운동과 건강, 사회교과 : 생활과 윤리, 윤리와 사상, 교양교과 : 철학, 심리학, 교육학"
체육교육과,진로선택과목,"스포츠 생활, 체육 탐구"
체육교육과,전문교과Ⅰ,"스포츠 개론, 체육 지도법, 체육 전공 실기 기초, 체육 전공 실기 심화, 체육 전공 실기 응용"
체육교육과,전문교과Ⅱ,"인체 구조와 기능, 간호의 기초"
초등교육과,공통과목,"국어, 영어, 사회, 윤리"
초등교육과,일반선택과목,"사회교과 : 생활과 윤리, 윤리와 사상, 교양교과 : 철학, 심리학, 교육학"
초등교육과,진로선택과목,"음악 연주, 미술 창작"
초등교육과,전문교과Ⅰ,"합창, 스포츠 개론, 체조 운동, 연극의 이해, 문예 창작 입문"
초등교육과,전문교과Ⅱ,"아동 생활지도, 아동 복지"
한문교육과,공통과목,"한문, 국어, 제2외국어, 미술"
한문교육과,일반선택과목,"한문ㆍ국어교과 : 한문Ⅰ, 문학, 언어와 매체, 독서, 외국어교과 : 중국어Ⅰ, 일본어Ⅰ, 기타교과 : 동아시아사, 생활과 윤리, 사회문화, 교육학, 철학"
한문교육과,진로선택과목,"한문Ⅱ, 중국어Ⅱ, 고전 읽기, 고전과 윤리, 사회문제 탐구"
한문교육과,전문교과Ⅰ,"중국문화, 전공 기초 중국어, 중국어 독해와 작문, 사회과제 연구, 사회 탐구 방법, 비교 문화"
화학교육과,공통과목,"영어, 과학, 윤리"
화학교육과,일반선택과목,"과학교과 : 화학Ⅰ, 사회교과 : 생활과 윤리, 윤리와 사상, 교양교과 : 철학, 심리학, 교육학"
화학교육과,진로선택과목,"화학Ⅱ, 융합과학, 생활과 과학"
화학교육과,전문교과Ⅰ,"고급 화학, 화학 실험, 과학과제 연구, 융합과학 탐구"
국어국문학과,공통과목,"국어, 사회, 한문, 예술"
국어국문학과,일반선택과목,"국어교과 : 화법과 작문, 문학, 언어와 매체, 독서, 사회교과 : 사회ㆍ문화, 생활과 윤리, 윤리와 사상, 세계사, 예술ㆍ교양교과 : 음악, 미술, 연극, 철학, 한문Ⅰ, 심리학, 종교학"
국어국문학과,진로선택과목,"실용 국어, 심화 국어, 고전 읽기, 사회문제 탐구, 고전과 윤리, 음악ㆍ미술 감상 비평"
국어국문학과,전문교과Ⅰ,"현대 문학 감상, 고전 문학 감상, 문예 창작 입문, 문학 개론, 문학과 매체, 시 창작, 소설 창작, 극 창작"
문예창작과,공통과목,"국어, 사회, 예술"
문예창작과,일반선택과목,"국어교과 : 문학, 언어와 매체, 독서, 화법과 작문, 사회교과 : 사회문화, 생활과 윤리, 윤리와 사상, 예술ㆍ교양교과 : 음악, 미술, 연극, 철학, 심리학, 교육학"
문예창작과,진로선택과목,"고전 읽기, 실용 국어, 심화 국어, 사회문제 탐구, 고전과 윤리, 음악ㆍ미술 감상 비평"
문예창작과,전문교과Ⅰ,"현대/고전문학 감상, 문예창작입문, 문학개론, 문학과 매체, 시/소설/극 창작"
문예창작과,전문교과Ⅱ,"미디어콘텐츠 일반, 커뮤니케이션, 마케팅과 광고, 영상제작 기초"
문예창작학과,공통과목,"국어, 사회, 예술"
문예창작학과,일반선택과목,"국어교과 : 문학, 언어와 매체, 독서, 화법과 작문, 사회교과 : 사회ㆍ문화, 생활과 윤리, 윤리와 사상, 예술ㆍ교양교과 : 음악, 미술, 연극, 철학, 심리학, 교육학"
문예창작학과,진로선택과목,"고전 읽기, 실용 국어, 심화 국어, 사회문제 탐구, 고전과 윤리, 음악ㆍ미술 감상 비평"
문예창작학과,전문교과Ⅰ,"현대ㆍ고전 문학 감상, 문예 창작 입문, 문학 개론, 문학과 매체, 시ㆍ소설ㆍ극 창작"
문예창작학과,전문교과Ⅱ,"미디어콘텐츠 일반, 커뮤니케이션, 마케팅과 광고, 영상 제작 기초"
기악과,공통과목,"음악, 윤리"
기악과,일반선택과목,"예술교과 : 음악, 사회교과 : 생활과 윤리, 윤리와 사상, 교양교과 : 철학, 심리학, 교육학"
기악과,진로선택과목,"음악 연주, 음악 감상과 비평"
기악과,전문교과Ⅰ,"음악이론, 음악사, 시창ㆍ청음, 음악 전공 실기"
기악과,전문교과Ⅱ,음악 콘텐츠 제작 
관광경영학과,공통과목,"사회, 생활ㆍ교양"
관광경영학과,일반선택과목,"사회교과 : 한국지리, 세계지리, 사회ㆍ문화, 생활과 윤리, 생활ㆍ교양교과 : 환경"
관광경영학과,진로선택과목,"실용 수학, 여행지리, 사회문제 탐구"
관광경영학과,전문교과Ⅰ,"정보과학, 생태와 환경, 지역 이해, 비교 문화, 세계 문제와 미래 사회, 사회 탐구 방법 및 사회과제 연구"
관광경영학과,전문교과Ⅱ,"커뮤니케이션, 비즈니스 영어, 마케팅과 광고, 빅데이터 분석"
국제학부,공통과목,"영어, 사회, 생활ㆍ교양"
국제학부,일반선택과목,"영어교과 : 영어 회화, 영어I, 영어 독해와 작문, 영어Ⅱ, 사회교과 : 한국지리, 세계지리, 세계사, 동아시아사, 경제, 사회ㆍ문화, 생활과 윤리, 윤리와 사상, 생활ㆍ교양교과 : 제2외국어I 과목, 철학, 논리학, 심리학, 종교학"
국제학부,진로선택과목,"여행지리, 사회문제 탐구, 제2외국어Ⅱ 과목"
국제학부,전문교과Ⅰ,"국제 정치, 국제 경제, 국제법, 지역 이해, 비교 문화, 세계 문제와 미래 사회, 국제 관계와 국제기구, 현대 세계의 변화, 사회 탐구 방법 및 사회과제 연구"
국제학부,전문교과Ⅱ,"커뮤니케이션, 비즈니스 영어"
사회학과,공통과목,"사회, 생활ㆍ교양"
사회학과,일반선택과목,"사회교과 : 한국지리, 세계지리, 세계사, 경제, 정치와 법, 사회ㆍ문화,  생활과 윤리, 윤리와 사상, 생활ㆍ교양교과 : 철학, 논리학, 심리학"
사회학과,진로선택과목,사회문제 탐구
사회학과,전문교과Ⅰ,"국제 경제, 국제법, 지역 이해, 한국 사회의 이해, 비교 문화, 세계 문제와 미래 사회, 국제 관계와 국제기구, 현대 세계의 변화, 사회 탐구 방법 및 사회과제 연구"
사회학과,전문교과Ⅱ,"커뮤니케이션, 복지 서비스의 기초, 문화 콘텐츠 산업 일반, 빅테이터 분석"
정치외교학과,공통과목,"영어, 사회, 생활ㆍ교양"
정치외교학과,일반선택과목,"영어교과 : 영어 회화, 영어I, 영어 독해와 작문, 영어Ⅱ, 사회교과 : 한국지리, 세계지리, 세계사, 경제, 사회ㆍ문화, 생활과 윤리, 윤리와 사상, 생활ㆍ교양교과 : 논리학"
정치외교학과,진로선택과목,사회문제 탐구
정치외교학과,전문교과Ⅰ,"국제 정치, 국제 경제, 국제법, 지역 이해, 비교 문화, 세계 문제와 미래 사회, 국제 관계와 국제기구, 현대 세계의 변화, 사회 탐구 방법 및 사회과제 연구"
정치외교학과,전문교과Ⅱ,커뮤니케이션
신소재응용과,공통과목,"수학, 과학, 기술ㆍ가정"
신소재응용과,일반선택과목,"수학교과 : 수학ⅠㆍⅡ, 미적분, 확률과 통계, 과학교과 : 물리학Ⅰ, 화학Ⅰ, 생명과학Ⅰ, 기술ㆍ가정교과 : 기술ㆍ가정, 정보"
신소재응용과,진로선택과목,"기하, 물리학Ⅱ, 화학Ⅱ, 생명과학, 공학 일반"
신소재응용과,전문교과Ⅰ,"심화수학ⅠㆍⅡ, 고급 수학ⅠㆍⅡ, 고급 물리학, 물리학 실험, 고급 화학, 화학 실험, 고급 생명과학, 생명과학 실험, 생태와 환경, 정보과학, 과학과제연구"
신소재응용과,전문교과Ⅱ,"재료 시험, 재료 일반, 산업 설비, 프로그래밍"
재료과,공통과목,"수학, 과학, 기술ㆍ가정"
재료과,일반선택과목,"수학교과 : 수학ⅠㆍⅡ, 미적분, 확률과 통계, 과학교과 : 물리학Ⅰ, 화학Ⅰ, 기술ㆍ가정교과 : 기술ㆍ가정, 정보"
재료과,진로선택과목,"기하, 물리학Ⅱ, 화학Ⅱ, 공학 일반"
재료과,전문교과Ⅰ,"심화수학ⅠㆍⅡ, 고급 수학ⅠㆍⅡ, 고급 물리학, 물리학 실험, 고급 화학, 화학 실험, 과학과제연구"
재료과,전문교과Ⅱ,"공업 일반, 금속 열처리, 금속 재료 가공"
제철금속과,공통과목,"수학, 과학, 기술ㆍ가정"
제철금속과,일반선택과목,"수학교과 : 수학ⅠㆍⅡ, 미적분, 확률과 통계, 과학교과 : 물리학Ⅰ, 화학Ⅰ, 기술ㆍ가정교과 : 기술ㆍ가정, 정보"
제철금속과,진로선택과목,"기하, 물리학Ⅱ, 화학Ⅱ, 공학 일반"
제철금속과,전문교과Ⅰ,"심화수학ⅠㆍⅡ, 고급 수학ⅠㆍⅡ, 고급 물리학, 물리학 실험, 고급 화학, 화학 실험, 정보과학, 융합과학탐구, 과학과제연구"
제철금속과,전문교과Ⅱ,"공업 일반, 기계 제도, 기계 일반, 기계 제어 설계"
금융경영과,공통과목,"수학, 사회, 기술ㆍ가정, 생활ㆍ교양"
금융경영과,일반선택과목,"수학교과 : 수학I, Ⅱ, 미적분, 확률과 통계, 사회교과 : 경제, 사회ㆍ문화, 생활과 윤리, 기술ㆍ가정교과 : 정보, 생활ㆍ교양교과 : 실용 경제"
금융경영과,진로선택과목,"실용 수학, 기하, 경제 수학, 수학 과제 탐구, 사회문제 탐구"
금융경영과,전문교과Ⅰ,"심화 수학I, 정보과학, 국제 경제, 국제법, 지역 이해, 세계 문제와 미래 사회, 국제 관계와 국제기구, 사회 탐구 방법 및 사회과제 연구"
금융경영과,전문교과Ⅱ,"회계 원리, 세무 일반, 금융 일반, 보험 일반, 예산ㆍ자금, 무역 금융 업무"
금융보험학과,공통과목,"수학, 사회, 기술ㆍ가정, 생활ㆍ교양"
금융보험학과,일반선택과목,"수학교과 : 수학I, Ⅱ, 미적분, 확률과 통계, 사회교과 : 경제, 사회ㆍ문화, 생활과 윤리, 기술ㆍ가정교과 : 정보, 생활ㆍ교양교과 : 실용 경제"
금융보험학과,진로선택과목,"실용 수학, 기하, 경제 수학, 수학 과제 탐구, 사회문제 탐구"
금융보험학과,전문교과Ⅰ,"심화 수학I, 정보과학, 국제 경제, 국제법, 지역 이해, 세계 문제와 미래 사회, 국제 관계와 국제기구, 사회 탐구 방법 및 사회과제 연구"
금융보험학과,전문교과Ⅱ,"회계 원리, 세무 일반, 금융 일반, 보험 일반, 예산ㆍ자금, 무역 금융 업무"
안경광학과,공통과목,"영어, 과학"
안경광학과,일반선택과목,"영어교과 : 영어ⅠㆍⅡ, 영어 독해와 작문, 과학교과 : 화학Ⅰ, 생명과학Ⅰ, 교양교과 : 심리학"
안경광학과,진로선택과목,"화학Ⅱ, 생명과학Ⅱ"
안경광학과,전문교과Ⅰ,"고급 화학, 화학 실험, 고급 생명과학, 생명과학 실험, 과학과제 연구"
안경광학과,전문교과Ⅱ,"인체 구조와 기능, 기초 간호 임상 실무, 보건 간호, 광학 재료"
자동차공학과,공통과목,"수학, 과학, 기술ㆍ가정"
자동차공학과,일반선택과목,"수학교과 : 수학ⅠㆍⅡ, 미적분, 확률과 통계, 과학교과 : 물리학Ⅰ, 화학Ⅰ, 기술ㆍ가정교과 : 기술ㆍ가정, 정보"
자동차공학과,진로선택과목,"기하, 수학과제 탐구, 물리학Ⅱ, 화학Ⅱ, 생활과 과학, 융합과학, 공학 일반"
자동차공학과,전문교과Ⅰ,"심화수학ⅠㆍⅡ, 고급 수학ⅠㆍⅡ, 고급 물리학, 물리학 실험, 고급 화학, 화학 실험, 정보과학, 과학과제연구"
자동차공학과,전문교과Ⅱ,"기계 제도, 자동차 일반, 자동차 기관, 자동차 전기ㆍ전자 제어, 자동차 엔진 정비, 자동차 차체 정비"
대기과학과,공통과목,"과학, 수학, 교양, 영어"
대기과학과,일반선택과목,"과학교과 : 지구과학Ⅰ, 물리Ⅰ, 화학Ⅰ, 생명과학Ⅰ, 수학교과 : 수학Ⅰ, 수학Ⅱ, 미적분, 확률과 통계, 교양교과 : 환경, 보건학, 논술"
대기과학과,진로선택과목,"지구과학Ⅱ, 융합과학, 생활과 과학, 과학사, 기하, 공학 일반, 수학과제 탐구"
대기과학과,전문교과Ⅰ,"고급 지구과학, 지구과학 실험, 과학과제 연구, 융합과학 탐구, 정보과학, 생태와 환경"
대기과학과,전문교과Ⅱ,"환경화학 기초, 환경측정 관리"
천문학과,공통과목,"과학, 수학, 교양, 기술가정"
천문학과,일반선택과목,"과학교과 : 수학Ⅰ, 수학Ⅱ, 미적분, 확률과 통계, 수학교과 : 수학Ⅰ, 수학Ⅱ, 미적분, 확률과 통계, 생활ㆍ교양교과 : 정보, 논술, 철학, 논리학, 교육학"
천문학과,진로선택과목,"지구과학Ⅱ, 물리학Ⅱ, 융합과학, 과학사, 수학 과제 탐구, 기하"
천문학과,전문교과Ⅰ,"고급지구과학, 지구과학실험, 고급물리학, 물리학 실험, 과학과제 연구, 융합 과학 탐구, 심화수학Ⅰ, 심화수학Ⅱ, 고급수학Ⅰ, 고급수학Ⅱ, 정보과학"
천문학과,전문교과Ⅱ,"전기ㆍ전자 기초, 전기ㆍ전자 측정, 환경 측정 관리"
언어과학과,공통과목,"국어, 사회, 기술ㆍ가정    "
언어과학과,일반선택과목,"국어교과 : 언어와 매체, 화법과 작문, 독서, 문학, 사회교과 : 사회ㆍ문화, 생활과 윤리, 윤리와 사상, 세계사, 경제, 생활ㆍ교양교과 : 철학, 심리학, 논리학, 교육학, 논술, 정보"
언어과학과,진로선택과목,"사회문제 탐구, 심화 국어, 고전 읽기, 고전과 윤리, 여행 지리"
언어과학과,전문교과Ⅰ,"문장론, 문학과 매체, 매체 미술, 정보 과학"
언어과학과,전문교과Ⅱ,"시각 디자인, 정보 처리와 관리"
미용과,공통과목,"미술, 윤리"
미용과,일반선택과목,"예술교과 : 미술, 사회교과 : 생활과 윤리, 윤리와 사상, 교양교과 : 철학, 심리학, 교육학"
미용과,진로선택과목,"미술 창작, 미술 감상과 비평"
미용과,전문교과Ⅰ,"미술 이론, 미술사, 드로잉 미술 전공 실기"
미용과,전문교과Ⅱ,"디자인 일반, 시각디자인, 색체 관리"
뷰티미용학과,공통과목,"미술, 윤리"
뷰티미용학과,일반선택과목,"예술교과 : 미술, 사회교과 : 생활과 윤리, 윤리와 사상, 교양교과 : 철학, 심리학, 교육학"
뷰티미용학과,진로선택과목,"미술 창작, 미술 감상과 비평"
뷰티미용학과,전문교과Ⅰ,"미술 이론, 미술사, 드로잉, 미술 전공 실기"
뷰티미용학과,전문교과Ⅱ,"디자인 일반, 시각 디자인, 색채 관리"
피부미용과,공통과목,"미술, 윤리"
피부미용과,일반선택과목,"예술교과 : 미술, 사회교과 : 생활과 윤리, 윤리와 사상, 교양교과 : 철학, 심리학, 교육학"
피부미용과,진로선택과목,"미술 창작, 미술 감상과 비평"
피부미용과,전문교과Ⅰ,"미술 이론, 미술사, 드로잉 미술 전공 실기"
피부미용과,전문교과Ⅱ,"디자인 일반, 시각디자인, 색체 관리"
소프트웨어공학과,공통과목,"수학, 과학, 기술ㆍ가정"
소프트웨어공학과,일반선택과목,"수학교과 : 수학Ⅰ, 수학Ⅱ, 미적분, 확률과 통계, 사회교과 : 한국지리, 세계지리, 경제, 사회문화, 생활과 윤리, 과학교과 : 물리학Ⅰ, 기술ㆍ가정교과 : 기술ㆍ가정, 정보"
소프트웨어공학과,진로선택과목,"실용 수학, 기하, 수학과제 탐구, 물리학Ⅱ, 생활과 과학, 융합과학, 공학 일반"
소프트웨어공학과,전문교과Ⅰ,"심화수학ⅠㆍⅡ, 고급 수학ⅠㆍⅡ, 고급 물리학, 물리학 실험, 정보과학, 융합과학탐구, 과학과제연구, 지역 이해,, 사회탐구 방법, 사회과제 연구"
소프트웨어공학과,전문교과Ⅱ,"프로그래밍, 자료구조, 빅데이터 분석, 사물 인터넷 서비스 기획"
인터넷정보학과,공통과목,"수학, 사회, 과학, 기술ㆍ가정"
인터넷정보학과,일반선택과목,"수학교과 : 수학Ⅰ, 수학Ⅱ, 미적분, 확률과 통계, 사회교과 : 한국지리, 세계지리, 경제, 사회문화, 생활과 윤리, 과학교과 : 물리학Ⅰ, 화학Ⅰ, 기술ㆍ가정교과 : 기술ㆍ가정, 정보"
인터넷정보학과,진로선택과목,"실용 수학, 기하, 수학과제 탐구, 물리학Ⅱ, 화학Ⅱ, 생활과 과학, 융합과학, 공학 일반, 사회문제 탐구"
인터넷정보학과,전문교과Ⅰ,"심화수학ⅠㆍⅡ, 고급 수학ⅠㆍⅡ, 고급 물리학, 물리학 실험, 고급 화학, 화학 실험, 정보과학, 융합과학탐구, 과학과제연구, 생태와 환경, 지역 이해, 사회과제 연구"
인터넷정보학과,전문교과Ⅱ,"정보처리와 관리, 프로그래밍, 자료구조, 네트워크 프로그래밍, 정보보호관리"
정보통신과,공통과목,"수학, 사회, 과학, 기술ㆍ가정"
정보통신과,일반선택과목,"수학교과 : 수학ⅠㆍⅡ, 미적분, 확률과 통계, 사회교과 : 한국지리, 세계지리, 경제, 사회문화, 생활과 윤리 , 과학교과 : 물리학Ⅰ, 화학Ⅰ, 기술ㆍ가정교과 : 기술ㆍ가정, 정보"
정보통신과,진로선택과목,"실용수학, 기하, 수학과제 탐구, 물리학Ⅱ, 화학Ⅱ, 생활과 과학, 융합과학, 공학 일반, 사회문제 탐구"
정보통신과,전문교과Ⅰ,"심화수학ⅠㆍⅡ, 고급 수학ⅠㆍⅡ, 고급 물리학, 물리학 실험, 고급 화학, 화학 실험, 정보과학, 융합과학탐구, 과학과제 연구, 생태와 환경, 지역 이해, 사회과제 연구"
정보통신과,전문교과Ⅱ,"정보처리와 관리, 프로그래밍, 자료구조, 네트워크 프로그래밍, 정보보호 관리"
방송제작과,공통과목,"국어, 사회, 생활ㆍ교양"
방송제작과,일반선택과목,"국어교과 : 화법과 작문, 독서, 언어와 매체, 문학, 사회교과 : 세계사, 사회ㆍ문화, 생활과 윤리, 생활ㆍ교양교과 : 철학, 논리학, 심리학, 논술"
방송제작과,진로선택과목,"실용 국어, 심화 국어, 고전 읽기, 사회문제 탐구"
방송제작과,전문교과Ⅰ,"지역 이해, 세계 문제와 미래 사회, 현대 세계의 변화, 사회 탐구 방법 및 사회과제 연구"
방송제작과,전문교과Ⅱ,"커뮤니케이션, 미디어 콘텐츠 일반, 문화 콘텐츠 산업 일반, 영상 제작 기초, 방송 일반, 빅데이터 분석"
음향제작과,공통과목,"음악, 윤리"
음향제작과,일반선택과목,"예술교과 : 음악, 사회교과 : 생활과 윤리, 윤리와 사상, 교양교과 : 철학, 심리학, 교육학"
음향제작과,진로선택과목,"음악 연주, 음악 감상과 비평"
음향제작과,전문교과Ⅰ,"음악이론, 음악사, 시창ㆍ청음, 음악 전공 실기"
음향제작과,전문교과Ⅱ,음악 콘텐츠 제작 
산업경영학과,공통과목,"수학, 사회, 기술ㆍ가정, 생활ㆍ교양"
산업경영학과,일반선택과목,"수학교과 : 수학I, Ⅱ, 미적분, 확률과 통계, 사회교과 : 경제, 생활과 윤리, 기술ㆍ가정교과 : 정보, 생활ㆍ교양교과 : 실용 경제"
산업경영학과,진로선택과목,"실용 수학, 기하, 경제 수학, 수학 과제 탐구, 사회문제 탐구, 창의 경영, 지식 재산 일반"
산업경영학과,전문교과Ⅰ,"심화 수학I, 정보과학, 국제 경제, 세계 문제와 미래 사회, 사회 탐구 방법 및 사회과제 연구"
산업경영학과,전문교과Ⅱ,"기업과 경영, 회계 정보 처리 시스템, 금융 일반, 마케팅과 광고, 창업 일반, 커뮤니케이션, 유통 관리"
유통경영과,공통과목,"수학, 사회, 기술ㆍ가정, 생활ㆍ교양"
유통경영과,일반선택과목,"수학교과 : 수학I, Ⅱ, 미적분, 확률과 통계, 사회교과 : 경제, 생활과 윤리, 기술ㆍ가정교과 : 정보, 생활ㆍ교양교과 : 실용 경제"
유통경영과,진로선택과목,"실용 수학, 기하, 경제 수학, 수학 과제 탐구, 사회문제 탐구, 창의 경영, 지식 재산 일반"
유통경영과,전문교과Ⅰ,"심화 수학I, 정보과학, 국제 경제, 세계 문제와 미래 사회, 사회 탐구 방법 및 사회과제 연구"
유통경영과,전문교과Ⅱ,"기업과 경영, 회계 정보 처리 시스템, 금융 일반, 마케팅과 광고, 창업 일반, 커뮤니케이션, 유통 관리"
유통학과,공통과목,"수학, 영어, 사회, 기술ㆍ가정, 생활ㆍ교양"
유통학과,일반선택과목,"수학교과 : 수학I, Ⅱ, 미적분, 확률과 통계, 영어교과 : 영어 독해와 작문, 사회교과 : 한국지리, 세계지리, 사회ㆍ문화, 경제, 정치와 법, 생활과 윤리, 기술ㆍ가정교과 : 정보, 생활ㆍ교양교과 : 제2외국어I 과목, 실용 경제"
유통학과,진로선택과목,"실용 수학, 경제 수학, 수학 과제 탐구, 실용 영어, 진로 영어, 사회문제 탐구, 지식 재산 일반, 제2외국어Ⅱ 과목"
유통학과,전문교과Ⅰ,"심화 수학I, 정보과학, 국제 경제, 국제법, 지역 이해, 세계 문제와 미래 사회, 국제 관계와 국제기구, 사회 탐구 방법 및 사회과제 연구"
유통학과,전문교과Ⅱ,"상업경제, 유통 일반, 국제 상무, 비즈니스 영어, 커뮤니케이션, 무역 금융 업무, 전자 상거래 일반, 수출입 관리, 원산지 관리"
농공학과,공통과목,"과학, 윤리, 교양, 수학"
농공학과,일반선택과목,"과학교과 : 화학Ⅰ, 생명과학Ⅰ, 사회교과 : 생활과 윤리, 사회문화, 윤리와 사상, 교양교과 : 환경, 보건학, 철학, 생활과 창의성, 논술"
농공학과,진로선택과목,"생명과학Ⅱ, 융합과학, 생활과 과학, 화학Ⅱ, 농업생명과학, 사회문제 탐구"
농공학과,전문교과Ⅰ,"고급 생명과학, 생명과학 실험, 과학과제연구, 융합과학 탐구, 생태와 환경, 정보과학, 사회탐구 방법"
농공학과,전문교과Ⅱ,"생명공학 기술, 인간과 환경"
환경공학과,공통과목,"수학, 사회, 과학, 기술ㆍ가정"
환경공학과,일반선택과목,"수학교과 : 수학ⅠㆍⅡ, 미적분, 확률과 통계, 사회교과 : 한국지리, 세계지리, 경제, 사회문화, 과학교과 : 물리학Ⅰ, 화학Ⅰ, 생명과학Ⅰ, 지구과학Ⅰ, 기술ㆍ가정교과 : 기술ㆍ가정, 정보"
환경공학과,진로선택과목,"실용수학, 기하, 수학과제 탐구, 물리학Ⅱ, 화학Ⅱ, 생명과학Ⅱ, 생활과 과학, 융합과학, 공학 일반, 사회문제 탐구"
환경공학과,전문교과Ⅰ,"심화수학ⅠㆍⅡ, 고급 수학ⅠㆍⅡ, 고급 화학, 화학 실험, 고급 생명과학, 생명과학 실험, 융합과학탐구, 과학과제연구, 생태와 환경, 지역 이해, 세계 문제와 미래 사회"
환경공학과,전문교과Ⅱ,"인간과 환경, 산업 안전 보건 기초, 환경 생태 관리"
환경과학과,공통과목,"수학, 사회, 과학, 기술ㆍ가정"
환경과학과,일반선택과목,"수학교과 : 수학ⅠㆍⅡ, 미적분, 확률과 통계, 사회교과 : 한국지리, 세계지리, 경제, 사회문화, 과학교과 : 물리학Ⅰ, 화학Ⅰ, 생명과학Ⅰ, 지구과학Ⅰ, 기술ㆍ가정교과 : 기술ㆍ가정, 정보"
환경과학과,진로선택과목,"실용수학, 기하, 수학과제 탐구, 물리학Ⅱ, 화학Ⅱ, 생명과학Ⅱ, 생활과 과학, 융합과학, 공학 일반, 사회문제 탐구"
환경과학과,전문교과Ⅰ,"심화수학ⅠㆍⅡ, 고급 수학ⅠㆍⅡ, 고급 화학, 화학 실험, 고급 생명과학, 생명과학 실험, 융합과학탐구, 과학과제연구, 생태와 환경, 지역 이해, 세계 문제와 미래 사회"
환경과학과,전문교과Ⅱ,"인간과 환경, 산업 안전 보건 기초, 환경 생태 관리"
환경보건학과,공통과목,"영어, 수학, 과학, 정보"
환경보건학과,일반선택과목,"영어교과 : 영어Ⅰ, 영어Ⅱ, 영어 독해와 작문, 수학교과 : 수학Ⅰ, 수학Ⅱ, 미적분, 확률과 통계, 과학교과 : 화학Ⅰ, 생명과학Ⅰ, 기술ㆍ가정교과 : 정보"
환경보건학과,진로선택과목,"화학Ⅱ, 생명과학Ⅱ. 지식 재산 일반"
환경보건학과,전문교과Ⅰ,"정보과학, 과학 과제 연구"
환경보건학과,전문교과Ⅱ,"정보 보호 관리, 정보 처리와 관리, 공중 보건, 인체 구조와 기능, 기초 간호 임상 실무, 보건간호"
에너지자원공학과,공통과목,"수학, 과학, 기술ㆍ가정"
에너지자원공학과,일반선택과목,"수학교과 : 수학ⅠㆍⅡ, 미적분, 확률과 통계, 과학교과 : 물리학Ⅰ, 화학Ⅰ, 기술ㆍ가정교과 : 기술ㆍ가정, 정보"
에너지자원공학과,진로선택과목,"기하, 물리학Ⅱ, 화학Ⅱ, 공학 일반"
에너지자원공학과,전문교과Ⅰ,"심화수학ⅠㆍⅡ, 고급 수학ⅠㆍⅡ, 고급 물리학, 물리학 실험, 고급 화학, 화학 실험, 생태와 환경, 과학과제연구"
에너지자원공학과,전문교과Ⅱ,"공업 일반, 냉동 공조 설계, 프로그래밍"
화학공학과,공통과목,"수학, 과학, 기술ㆍ가정"
화학공학과,일반선택과목,"수학교과 : 수학Ⅰ, 수학Ⅱ, 미적분, 확률과 통계, 과학교과 : 물리학Ⅰ, 화학Ⅰ, 기술ㆍ가정교과 : 기술ㆍ가정, 정보"
화학공학과,진로선택과목,"기하, 물리학Ⅱ, 화학Ⅱ, 공학 일반"
화학공학과,전문교과Ⅰ,"심화수학ⅠㆍⅡ, 고급 수학ⅠㆍⅡ, 고급 물리학, 물리학 실험, 고급 화학, 화학 실험, 정보과학, 과학과제연구"
화학공학과,전문교과Ⅱ,"공업일반, 공업 화학, 제조 화학, 화학 분석, 석유 화학 제품"
자동차과,공통과목,"수학, 과학, 기술ㆍ가정"
자동차과,일반선택과목,"수학교과 : 수학ⅠㆍⅡ, 미적분, 확률과 통계, 과학교과 : 물리학Ⅰ, 화학Ⅰ, 기술ㆍ가정교과 : 기술ㆍ가정, 정보"
자동차과,진로선택과목,"기하, 수학과제 탐구, 물리학Ⅱ, 화학Ⅱ, 생활과 과학, 융합과학, 공학일반"
자동차과,전문교과Ⅰ,"심화수학ⅠㆍⅡ, 고급 수학ⅠㆍⅡ, 고급 물리학, 물리학 실험, 고급 화학, 화학 실험, 정보과학, 과학과제연구"
자동차과,전문교과Ⅱ,"기계 제도, 자동차 일반, 자동차 기관, 자동차 전기ㆍ전자 제어, 자동차 엔진 정비, 자동차 차체 정비"
화학과,공통과목,"과학, 수학, 교양, 영어"
화학과,일반선택과목,"과학교과 : 화학Ⅰ, 생명과학Ⅰ, 물리Ⅰ, 지구과학Ⅰ, 수학교과 : 수학Ⅰ, 수학Ⅱ, 미적분, 확률과 통계, 교양교과 : 논리학, 환경, 논술, 보건학"
화학과,진로선택과목,"화학Ⅱ, 융합과학, 과학사, 생활과 과학, 수학 과제 탐구, 기하, 생명과학Ⅱ"
화학과,전문교과Ⅰ,"고급화학, 화학 실험, 과학과제 연구, 융합과학 탐구, 정보과학, 심화수학Ⅰ, 심화수학Ⅱ, 고급수학Ⅰ, 고급수학Ⅱ"
화학과,전문교과Ⅱ,"환경화학 기초, 공업화학, 제조화학"
지구해양과학과,공통과목,"수학, 과학, 기술ㆍ가정"
지구해양과학과,일반선택과목,"수학교과 : 수학ⅠㆍⅡ, 미적분, 확률과 통계, 과학교과 : 물리학Ⅰ, 화학Ⅰ, 지구과학Ⅰ, 기술ㆍ가정교과 : 기술ㆍ가정, 정보"
지구해양과학과,진로선택과목,"기하, 수학과제 탐구, "
지구해양과학과,전문교과Ⅰ,"심화수학ⅠㆍⅡ, 고급 수학ⅠㆍⅡ, 고급 물리학, 물리학 실험, 고급 화학, 화학 실험, 고급 지구과학, 지구과학 실험,, 정보과학, 융합과학탐구, 과학과제연구"
지구해양과학과,전문교과Ⅱ,"기계 제도, 기초 제도, 선박 구조, 선박 건조, 해양의 이해, 해양 정보 관리"
해양공학과,공통과목,"수학, 과학, 기술ㆍ가정"
해양공학과,일반선택과목,"수학교과 : 수학ⅠㆍⅡ, 미적분, 확률과 통계, 과학교과 : 물리학Ⅰ, 화학Ⅰ, 지구과학Ⅰ, 기술ㆍ가정교과 : 기술ㆍ가정, 정보"
해양공학과,진로선택과목,"기하, 수학과제 탐구, "
해양공학과,전문교과Ⅰ,"심화수학ⅠㆍⅡ, 고급 수학ⅠㆍⅡ, 고급 물리학, 물리학 실험, 고급 화학, 화학 실험, 고급 지구과학, 지구과학 실험,, 정보과학, 융합과학탐구, 과학과제연구"
해양공학과,전문교과Ⅱ,"기계 제도, 기초 제도, 선박 구조, 선박 건조, 해양의 이해, 해양 정보 관리"
해양시스템학과,공통과목,"수학, 과학, 기술ㆍ가정"
해양시스템학과,일반선택과목,"수학교과 : 수학ⅠㆍⅡ, 미적분, 확률과 통계, 과학교과 : 물리학Ⅰ, 화학Ⅰ, 지구과학Ⅰ, 기술ㆍ가정교과 : 기술ㆍ가정, 정보"
해양시스템학과,진로선택과목,"기하, 수학과제 탐구, "
해양시스템학과,전문교과Ⅰ,"심화수학ⅠㆍⅡ, 고급 수학ⅠㆍⅡ, 고급 물리학, 물리학 실험, 고급 화학, 화학 실험, 고급 지구과학, 지구과학 실험,, 정보과학, 융합과학탐구, 과학과제연구"
해양시스템학과,전문교과Ⅱ,"기계 제도, 기초 제도, 선박 구조, 선박 건조, 해양의 이해, 해양 정보 관리"
도자기공예학과,공통과목,"미술, 윤리"
도자기공예학과,일반선택과목,"예술교과 : 미술, 사회교과 : 생활과 윤리, 윤리와 사상, 교양교과 : 철학, 심리학, 교육학"
도자기공예학과,진로선택과목,"미술 창작, 미술 감상과 비평"
도자기공예학과,전문교과Ⅰ,"미술 이론, 미술사, 드로잉, 미술 전공 실기"
도자기공예학과,전문교과Ⅱ,"디자인 일반, 시각 디자인, 색채 관리"
동물자원학과,공통과목,"과학, 교양, 사회, 수학"
동물자원학과,일반선택과목,"과학교과 : 생명과학Ⅰ, 화학Ⅰ, 생활ㆍ교양교과 : 환경, 보건학, 논술, 생활과 창의성, 정보, 사회교과 : 사회문화, 생활과 윤리, 정치와 법"
동물자원학과,진로선택과목,"생명과학Ⅱ, 융합과학, 생활과 과학, 화학Ⅱ, 농업생명과학, 고전과 윤리"
동물자원학과,전문교과Ⅰ,"고급 생명과학, 생명과학 실험, 물리화학 실험, 융합과학 탐구, 정보과학, 과학과제 연구"
동물자원학과,전문교과Ⅱ,"생명공학 기술, 동물 지원, 반려동물 관리, 실험동물과 기타 가축, 종축, 사료생산"
바이오동물학과,공통과목,"과학, 윤리, 교양, 수학"
바이오동물학과,일반선택과목,"과학교과 : 생명과학Ⅰ, 화학Ⅰ, 사회교과 : 생활과 윤리, 사회문화, 윤리와 사상, 교양교과 : 환경, 보건학, 철학, 생활과 창의성, 논술"
바이오동물학과,진로선택과목,"생명과학Ⅱ, 융합과학, 생활과 과학, 화학Ⅱ, 농업생명과학, 사회문제 탐구"
바이오동물학과,전문교과Ⅰ,"고급생명과학, 생명과학 실험, 과학과제 연구, 융합과학 탐구, 생태와 환경, 정보과학, 사회탐구 방법"
바이오동물학과,전문교과Ⅱ,"생명공학 기술, 인간과 환경"
애완동물과,공통과목,"과학, 윤리, 교양, 수학"
애완동물과,일반선택과목,"과학교과 : 생명과학Ⅰ, 화학Ⅰ, 사회교과 : 생활과 윤리, 사회문화, 윤리와 사상, 교양교과 : 환경, 보건학, 철학, 생활과 창의성, 논술"
애완동물과,진로선택과목,"생명과학Ⅱ, 융합과학, 생활과 과학, 화학Ⅱ, 농업생명과학, 사회문제 탐구"
애완동물과,전문교과Ⅰ,"고급생명과학, 생명과학 실험, 과학과제 연구, 융합과학 탐구, 생태와 환경, 정보과학, 사회탐구 방법"
애완동물과,전문교과Ⅱ,"생명공학 기술, 인간과 환경"
레크리에이션과,공통과목,"체육, 윤리"
레크리에이션과,일반선택과목,"체육교과 : 체육, 운동과 건강, 사회교과 : 생활과 윤리, 윤리와 사상, 교양교과 : 철학, 심리학, 교육학"
레크리에이션과,진로선택과목,"스포츠 생활, 체육 탐구"
레크리에이션과,전문교과Ⅰ,"스포츠 개론, 체육 지도법, 체육 전공 실기 기초, 체육 전공 실기 심화, 체육 전공 실기 응용"
레크리에이션과,전문교과Ⅱ,"인체 구조와 기능, 간호의 기초"
스포츠마케팅학과,공통과목,"수학, 사회, 기술ㆍ가정, 생활ㆍ교양, 스포츠"
스포츠마케팅학과,일반선택과목,"수학교과 : 수학I, Ⅱ, 미적분, 확률과 통계, 사회교과 : 경제, 생활과 윤리, 기술ㆍ가정교과 : 정보, 생활ㆍ교양교과 : 실용 경제"
스포츠마케팅학과,진로선택과목,"실용 수학, 기하, 경제 수학, 수학 과제 탐구, 사회문제 탐구, 창의 경영, 지식 재산 일반"
스포츠마케팅학과,전문교과Ⅰ,"심화 수학I, 정보과학, 국제 경제, 세계 문제와 미래 사회, 사회 탐구 방법 및 사회과제 연구"
스포츠마케팅학과,전문교과Ⅱ,"기업과 경영, 회계 정보 처리 시스템, 금융 일반, 마케팅과 광고, 창업 일반, 커뮤니케이션, 유통 관리"
만화애니메이션학과,공통과목,"미술, 윤리"
만화애니메이션학과,일반선택과목,"예술교과 : 미술, 사회교과 : 생활과 윤리, 윤리와 사상, 교양교과 : 철학, 심리학, 교육학"
만화애니메이션학과,진로선택과목,"미술 창작, 미술 감상과 비평"
만화애니메이션학과,전문교과Ⅰ,"미술 이론, 미술사, 드로잉, 미술 전공 실기"
만화애니메이션학과,전문교과Ⅱ,"디자인 일반, 시각 디자인, 색채 관리"
메이크업아티스트과,공통과목,"미술, 윤리"
메이크업아티스트과,일반선택과목,"예술교과 : 미술, 사회교과 : 생활과 윤리, 윤리와 사상, 교양교과 : 철학, 심리학, 교육학"
메이크업아티스트과,진로선택과목,"미술 창작, 미술 감상과 비평"
메이크업아티스트과,전문교과Ⅰ,"미술 이론, 미술사, 드로잉 미술 전공 실기"
메이크업아티스트과,전문교과Ⅱ,"디자인 일반, 시각디자인, 색체 관리"
코디네이션과,공통과목,"미술, 윤리"
코디네이션과,일반선택과목,"예술교과 : 미술, 사회교과 : 생활과 윤리, 윤리와 사상, 교양교과 : 철학, 심리학, 교육학"
코디네이션과,진로선택과목,"미술 창작, 미술 감상과 비평"
코디네이션과,전문교과Ⅰ,"미술 이론, 미술사, 드로잉 미술 전공 실기"
코디네이션과,전문교과Ⅱ,"디자인 일반, 시각디자인, 색체 관리"
메카트로닉스공학과,공통과목,"수학, 과학, 기술ㆍ가정"
메카트로닉스공학과,일반선택과목,"수학교과 : 수학ⅠㆍⅡ, 미적분, 확률과 통계, 과학교과 : 물리학Ⅰ, 화학Ⅰ, 기술ㆍ가정교과 : 기술ㆍ가정, 정보"
메카트로닉스공학과,진로선택과목,"기하, 물리학Ⅱ, 화학Ⅱ, 공학 일반"
메카트로닉스공학과,전문교과Ⅰ,"심화수학ⅠㆍⅡ, 고급 수학ⅠㆍⅡ, 고급 물리학, 물리학 실험, 고급 화학, 화학 실험, 정보과학, 융합과학탐구, 과학과제연구"
메카트로닉스공학과,전문교과Ⅱ,"공업일반, 기계 제도, 기계 일반, 기계 제어 설계, 전자 회로, 산업용 전자 기기 소프트웨어 개발"
모델과,공통과목,"미술, 윤리"
모델과,일반선택과목,"예술교과 : 미술, 사회교과 : 생활과 윤리, 윤리와 사상, 교양교과 : 철학, 심리학, 교육학"
모델과,진로선택과목,"미술 창작, 미술 감상과 비평"
모델과,전문교과Ⅰ,"미술 이론, 미술사, 드로잉 미술 전공 실기"
모델과,전문교과Ⅱ,"디자인 일반, 시각디자인, 색체 관리"
미디어영상학과,공통과목,"미술, 윤리"
미디어영상학과,일반선택과목,"예술교과 : 미술, 사회교과 : 생활과 윤리, 윤리와 사상, 교양교과 : 철학, 심리학, 교육학"
미디어영상학과,진로선택과목,"미술 창작, 미술 감상과 비평"
미디어영상학과,전문교과Ⅰ,"미술 이론, 미술사, 드로잉, 미술 전공 실기"
미디어영상학과,전문교과Ⅱ,"디자인 일반, 시각 디자인, 색채 관리"
미술학과,공통과목,"미술, 윤리"
미술학과,일반선택과목,"예술교과 : 미술, 사회교과 : 생활과 윤리, 윤리와 사상, 교양교과 : 철학, 심리학, 교육학"
미술학과,진로선택과목,"미술 창작, 미술 감상과 비평"
미술학과,전문교과Ⅰ,"미술 이론, 미술사, 드로잉 미술 전공 실기"
미술학과,전문교과Ⅱ,"디자인 일반, 시각디자인, 색체 관리"
문화재보존학과,공통과목,"사회, 역사, 한문, 수학, 영어, 제2외국어"
문화재보존학과,일반선택과목,"사회교과 : 사회문화, 세계사, 동아시아사, 한국지리, 윤리와 사상, 한문ㆍ외국어교과 : 한문Ⅰ, 한문Ⅱ, 영어Ⅰ, 영어Ⅱ, 중국어Ⅰ, 일본어Ⅰ, 수학교과 : 수학Ⅰ, 수학Ⅱ, 확률과 통계"
문화재보존학과,진로선택과목,"사회문제 탐구, 고전 읽기, 고전과 윤리, 여행지리, 현대 세계의 변화"
문화재보존학과,전문교과Ⅰ,"사회탐구 방법, 사회과제 연구, 한국 사회의 이해, 비교 문화, 지역 이해"
문화재보존학과,전문교과Ⅱ,문화콘텐츠 산업 일반
물류시스템공학과,공통과목,"수학, 사회, 과학, 기술ㆍ가정"
물류시스템공학과,일반선택과목,"수학교과 : 수학ⅠㆍⅡ, 미적분, 확률과 통계, 사회교과 : 한국지리, 세계지리, 경제, 사회문화, 생활과 윤리, 과학교과 : 물리학Ⅰ, 화학Ⅰ, 생명과학Ⅰ, 지구과학Ⅰ, 기술ㆍ가정교과 : 기술ㆍ가정, 정보"
물류시스템공학과,진로선택과목,"실용수학, 기하, 경제수학, 수학과제 탐구, 물리학Ⅱ, 화학Ⅱ, 생명과학Ⅱ, 지구과학Ⅱ, 생활과 과학, 융합과학, 공학 일반, 사회문제 탐구"
물류시스템공학과,전문교과Ⅰ,"심화수학ⅠㆍⅡ, 고급 수학ⅠㆍⅡ, 고급 물리학, 물리학 실험, 고급 화학, 화학 실험, 고급 생명과학, 생명과학 실험, 고급 지구과학, 지구과학 실험, 정보과학, 융합과학탐구, 과학과제연구, 생태와 환경, 지역 이해, 사회과제 연구"
물류시스템공학과,전문교과Ⅱ,"환경 화학 기초, 인간과 환경, 환경 생태 관리, 수질 관리, 대기 관리, 폐기물 관리"
물리치료학과,공통과목,"영어, 과학"
물리치료학과,일반선택과목,"영어교과 : 영어Ⅰ, 영어Ⅱ, 영어 독해와 작문, 과학교과 : 생명과학Ⅰ, 체육교과 : 체육, 운동과 건강"
물리치료학과,진로선택과목,"생명과학Ⅱ, 스포츠 생활, 체육 탐구"
물리치료학과,전문교과Ⅰ,"스포츠 개론, 체조 운동, 개인ㆍ대인 운동, 고급 생명과학, 생명과학 실험, 과학과제 연구"
물리치료학과,전문교과Ⅱ,"인체 구조와 기능, 기초 간호 임상 실무, 보건 간호"
작업치료과,공통과목,"영어, 과학"
작업치료과,일반선택과목,"영어교과 : 영어Ⅰ, 영어Ⅱ, 영어 독해와 작문, 과학교과 : 생명과학Ⅰ, 교양교과 : 심리학"
작업치료과,진로선택과목,생명과학Ⅱ
작업치료과,전문교과Ⅰ,"체육지도법, 개인ㆍ대인 운동, 체육 전공 실기 응용"
작업치료과,전문교과Ⅱ,"인체 구조와 기능, 기초 간호 임상 실무, 보건 간호"
재활학과,공통과목,"영어, 과학"
재활학과,일반선택과목,"영어교과 : 영어Ⅰ, 영어Ⅱ, 여엉 독해와 작문, 과학교과 : 생명과학Ⅰ, 교양교과 : 심리학"
재활학과,진로선택과목,생명과학Ⅱ
재활학과,전문교과Ⅰ,"체육지도법, 개인ㆍ대인 운동, 체육 전공 실기 응용"
재활학과,전문교과Ⅱ,"인체 구조와 기능, 기초 간호 임상 실무, 보건 간호"
물리학과,공통과목,"과학, 수학, 교양, 정보, 영어"
물리학과,일반선택과목,"과학교과 : 물리Ⅰ, 화학Ⅰ, 생명과학Ⅰ, 지구과학Ⅰ, 수학교과 : 수학Ⅰ, 수학Ⅱ, 미적분, 확률과 통계, 생활ㆍ교양교과 : 정보, 논리학, 철학, 논술"
물리학과,진로선택과목,"물리학Ⅱ, 융합과학, 과학사, 생활과 과학, 수학과제 탐구, 기하, 경영수학"
물리학과,전문교과Ⅰ,"고급물리학, 물리학 실험, 과학과제 연구, 융합과학 탐구, 심화수학Ⅰ, 심화수학Ⅱ, 고급수학Ⅰ, 고급수학Ⅱ, 정보과학"
지구환경과학과,공통과목,"과학, 수학, 교양, 영어"
지구환경과학과,일반선택과목,"과학교과 : 지구과학Ⅰ, 물리Ⅰ, 화학Ⅰ, 생명과학Ⅰ, 수학교과 : 수학Ⅰ, 수학Ⅱ, 미적분, 확률과 통계, 교양교과 : 환경, 보건학, 논술"
지구환경과학과,진로선택과목,"지구과학Ⅱ, 융합과학, 생활과 과학, 과학사, 기하, 공학 일반, 사회문제 탐구"
지구환경과학과,전문교과Ⅰ,"고급 지구과학, 지구과학 실험, 과학과제 연구, 융합과학 탐구, 정보과학, 생태와 환경"
지구환경과학과,전문교과Ⅱ,"인간과 환경, 환경측정 관리"
식품조리과,공통과목,"과학, 생활ㆍ교양, 사회"
식품조리과,일반선택과목,"과학교과 : 생명과학Ⅰ, 화학Ⅰ, 물리Ⅰ, 생활ㆍ교양교과 : 기술가정, 정보, 보건학, 환경, 심리학, 교육학, 실용경제, 사회교과 : 사회문화, 생활과 윤리, 정치와 법"
식품조리과,진로선택과목,"생명과학Ⅱ, 화학Ⅱ, 융합과학, 생활과 과학, 농업생명과학, 가정과학"
식품조리과,전문교과Ⅰ,"생명과학실험, 물리/화학 실험, 융합과학 탐구, 과학과제 연구"
식품조리과,전문교과Ⅱ,"식품과 영양, 식품위생, 급식관리, 식품과학, 식품분석"
마케팅경영과,공통과목,"수학, 사회, 기술ㆍ가정, 생활ㆍ교양"
마케팅경영과,일반선택과목,"수학교과 : 수학Ⅰ, Ⅱ, 미적분, 확률과 통계, 사회교과 : 경제, 생활과 윤리, 기술ㆍ가정교과 : 정보, 생활ㆍ교양교과 : 실용 경제"
마케팅경영과,진로선택과목,"실용 수학, 기하, 경제 수학, 수학 과제 탐구, 사회문제 탐구, 창의 경영, 지식 재산 일반"
마케팅경영과,전문교과Ⅰ,"심화 수학I, 정보과학, 국제 경제, 세계 문제와 미래 사회, 사회 탐구 방법 및 사회과제 연구"
마케팅경영과,전문교과Ⅱ,"기업과 경영, 회계 정보 처리 시스템, 금융 일반, 마케팅과 광고, 창업 일반, 커뮤니케이션, 유통 관리"
식품가공과,공통과목,"수학, 사회, 과학, 기술ㆍ가정"
식품가공과,일반선택과목,"수학교과 : 수학ⅠㆍⅡ, 미적분, 확률과 통계, 사회교과 : 한국지리, 세계지리, 사회문화, 과학교과 : 물리학Ⅰ, 화학Ⅰ, 생명과학Ⅰ, 기술ㆍ가정교과 : 기술ㆍ가정, 정보"
식품가공과,진로선택과목,"실용수학, 기하, 수학과제 탐구, 물리학Ⅱ, 화학Ⅱ, 생명과학Ⅱ, 생활과 과학, 융합과학, 공학 일반, 사회문제 탐구, 가정과학"
식품가공과,전문교과Ⅰ,"심화수학ⅠㆍⅡ, 고급 수학ⅠㆍⅡ, 고급 화학, 화학 실험, 고급 생명과학, 생명과학실험, 융합과학탐구, 과학과제연구, 생태와 환경, 지역 이해, 세계 문제와 미래 사회, 사회과제 연구"
식품가공과,전문교과Ⅱ,"식품과학, 식품 위생, 식품 분석, 식품 품질 관리"
식품공학과,공통과목,"수학, 사회, 과학, 기술ㆍ가정"
식품공학과,일반선택과목,"수학교과 : 수학Ⅰ,Ⅱ, 미적분, 확률과 통계, 사회교과 : 한국지리, 세계지리, 사회문화, 과학교과 : 물리학Ⅰ, 화학Ⅰ, 생명과학Ⅰ, 기술ㆍ가정교과 : 기술ㆍ가정, 정보"
식품공학과,진로선택과목,"실용수학, 기하, 수학과제탐구, 물리학Ⅱ, 화학Ⅱ, 생명과학Ⅱ, 생활과학, 융합과학, 공학 일반, 사회문제탐구, 가정과학"
식품공학과,전문교과Ⅰ,"심화수학Ⅰ,Ⅱ, 고급수학Ⅰ,Ⅱ, 고급 화학, 화학 실험, 고급 생명과학, 생명과학실험, 융합과학탐구, 과학과제연구, 생태와 환경, 지역 이해, 세계 문제와 미래 사회, 사회과제 연구"
식품공학과,전문교과Ⅱ,"식품 과학, 식품 위생, 식품 분석, 식품 품질 관리 "
식품영양학과,공통과목,"과학, 생활ㆍ교양, 사회"
식품영양학과,일반선택과목,"과학교과 : 생명과학Ⅰ, 화학Ⅰ, 물리Ⅰ, 생활ㆍ교양교과 : 기술가정, 정보, 보건학, 환경, 심리학, 교육학, 실용 경제, 사회교과 : 사회문화, 생활과 윤리, 정치와 법"
식품영양학과,진로선택과목,"생명과학Ⅱ, 화학Ⅱ, 융합과학, 생활과 과학, 농업생명과학, 가정과학"
식품영양학과,전문교과Ⅰ,"생명과학실험, 물리/화학 실험, 융합과학 탐구, 과학 과제 연구"
식품영양학과,전문교과Ⅱ,"식품과 영양, 식품위생, 급식관리, 식품과학, 식품분석"
벤처창업학과,공통과목,"수학, 사회, 기술ㆍ가정, 생활ㆍ교양"
벤처창업학과,일반선택과목,"수학교과 : 수학I, Ⅱ, 미적분, 확률과 통계, 사회교과 : 경제, 생활과 윤리, 기술ㆍ가정교과 : 정보, 생활ㆍ교양교과 : 실용 경제"
벤처창업학과,진로선택과목,"실용 수학, 기하, 경제 수학, 수학 과제 탐구, 사회문제 탐구, 창의 경영, 지식 재산 일반"
벤처창업학과,전문교과Ⅰ,"심화 수학I, 정보과학, 국제 경제, 세계 문제와 미래 사회, 사회 탐구 방법 및 사회과제 연구"
벤처창업학과,전문교과Ⅱ,"기업과 경영, 회계 정보 처리 시스템, 금융 일반, 마케팅과 광고, 창업 일반, 커뮤니케이션, 유통 관리"
방사선과,공통과목,"영어, 과학"
방사선과,일반선택과목,"영어교과 : 영어Ⅰ, 영어Ⅱ, 영어 독해와 작문, 과학교과 : 화학Ⅰ, 생명과학Ⅰ, 교양교과 : 심리학"
방사선과,진로선택과목,"화학Ⅱ, 생명과학Ⅱ"
방사선과,전문교과Ⅰ,"고급화학 및 고급 생명과학, 화학실험 및 생명과학실험, 과학과제 연구"
방사선과,전문교과Ⅱ,"인체 구조와 기능, 기초 간호 임상 실무, 보건 간호"
원자력공학과,공통과목,"수학, 과학, 기술ㆍ가정"
원자력공학과,일반선택과목,"수학교과 : 수학ⅠㆍⅡ, 미적분, 확률과 통계, 과학교과 : 물리학Ⅰ, 화학Ⅰ, 기술ㆍ가정교과 : 기술ㆍ가정, 정보"
원자력공학과,진로선택과목,"기하, 수학과제 탐구, 물리학Ⅱ, 화학Ⅱ, 생활과 과학, 융합과학, 공학 일반"
원자력공학과,전문교과Ⅰ,"심화수학ⅠㆍⅡ, 고급 수학ⅠㆍⅡ, 고급 물리학, 물리학 실험, 고급 화학, 화학 실험, 정보과학, 융합과학탐구, 과학과제연구, 생태와 환경, 세계문제와 미래 사회"
원자력공학과,전문교과Ⅱ,"공업 일반, 원자력 발전 설비 운용, 프로그래밍"
방송영상과,공통과목,"국어, 사회, 생활ㆍ교양"
방송영상과,일반선택과목,"국어교과 : 화법과 작문, 독서, 언어와 매체, 문학, 사회교과 : 세계사, 사회ㆍ문화, 생활과 윤리, 생활ㆍ교양교과 : 철학, 논리학, 심리학, 논술"
방송영상과,진로선택과목,"실용 국어, 심화 국어, 고전 읽기, 사회문제 탐구"
방송영상과,전문교과Ⅰ,"지역 이해, 세계 문제와 미래 사회, 현대 세계의 변화, 사회 탐구 방법 및 사회과제 연구"
방송영상과,전문교과Ⅱ,"커뮤니케이션, 미디어 콘텐츠 일반, 문화 콘텐츠 산업 일반, 영상 제작 기초, 방송 일반, 빅데이터 분석"
영상제작과,공통과목,"미술, 윤리"
영상제작과,일반선택과목,"예술교과 : 미술, 사회교과 : 생활과 윤리, 윤리와 사상, 교양교과 : 철학, 심리학, 교육학"
영상제작과,진로선택과목,"미술 창작, 미술 감상과 비평"
영상제작과,전문교과Ⅰ,"미술 이론, 미술사, 드로잉 미술 전공 실기"
영상제작과,전문교과Ⅱ,"디자인 일반, 시각디자인, 색체 관리"
러시아학과,공통과목,"영어, 사회, 생활ㆍ교양"
러시아학과,일반선택과목,"영어교과 : 영어 회화, 영어Ⅰ, 영어 독해와 작문, 영어Ⅱ, 사회교과 : 한국지리, 세계지리, 세계사, 동아시아사, 경제, 사회ㆍ문화, 생활과 윤리, 윤리와 사상, 생활ㆍ교양교과 : 제2외국어Ⅰ 과목, 철학, 논리학, 심리학, 종교학"
러시아학과,진로선택과목,"여행지리, 사회문제 탐구, 제2외국어Ⅱ 과목"
러시아학과,전문교과Ⅰ,"국제 정치, 국제 경제, 국제법, 지역 이해, 비교 문화, 세계 문제와 미래 사회, 국제 관계와 국제기구, 현대 세계의 변화, 사회 탐구 방법 및 사회과제 연구"
러시아학과,전문교과Ⅱ,"커뮤니케이션, 비즈니스 영어"
아프리카어과,공통과목,"제2외국어, 사회, 예술, 국어"
아프리카어과,일반선택과목,"외국어교과 : 프랑스어, 독일어, 영어 회화, 영어, 사회교과 : 사회문화, 생활과 윤리, 윤리와 사상, 세계사, 세계지리, 교양ㆍ국어교과 : 철학, 심리학, 종교학, 문학, 독서"
아프리카어과,진로선택과목,"프랑스어Ⅱ, 독일어Ⅱ, 심화 국어, 고전 읽기, 고전과 윤리, 사회문제 탐구, 여행지리, 음악ㆍ미술감상 비평"
아프리카어과,전문교과Ⅰ,"전공기초 프랑스어, 프랑스어 회화, 프랑스어권 문화, 국제 관계와 국제기구, 국제 경제, 국제 정치, 지역 이해. 사회과제 연구"
아프리카어과,전문교과Ⅱ,서양 조리
게임콘텐츠과,공통과목,"수학, 과학, 기술ㆍ가정"
게임콘텐츠과,일반선택과목,"수학교과 : 수학ⅠㆍⅡ, 미적분, 확률과 통계, 사회교과 : 한국지리, 세계지리, 경제, 사회문화, 생활과 윤리 , 과학교과 : 물리학Ⅰ, 기술ㆍ가정교과 : 기술ㆍ가정, 정보"
게임콘텐츠과,진로선택과목,"실용수학, 기하, 수학과제 탐구, 물리학Ⅱ, 생활과 과학, 융합과학, 공학 일반"
게임콘텐츠과,전문교과Ⅰ,"심화수학ⅠㆍⅡ, 고급 수학ⅠㆍⅡ, 고급 물리학, 물리학 실험, 정보과학, 융합과학탐구, 과학과제연구, 지역 이해, 사회탐구 방법, 사회과제 연구"
게임콘텐츠과,전문교과Ⅱ,"프로그래밍, 자료 구조, 빅데이터 분석, 사물 인터넷 서비스 기획"
광학공학과,공통과목,"수학, 과학, 기술ㆍ가정"
광학공학과,일반선택과목,"수학교과 : 수학ⅠㆍⅡ, 미적분, 확률과 통계, 과학교과 : 물리학Ⅰ, 화학Ⅰ, 기술ㆍ가정교과 : 기술ㆍ가정, 정보"
광학공학과,진로선택과목,"기하, 물리학Ⅱ, 화학Ⅱ, 공학 일반"
광학공학과,전문교과Ⅰ,"심화수학ⅠㆍⅡ, 고급 수학ⅠㆍⅡ, 고급 물리학, 물리학 실험, 고급 화학, 화학 실험, 생태와 환경, 과학과제연구"
광학공학과,전문교과Ⅱ,"공업 일반, 냉동 공조 설계, 프로그래밍"
생물학과,공통과목,"과학, 윤리, 교양, 수학"
생물학과,일반선택과목,"과학교과 : 생명과학Ⅰ, 화학Ⅰ, 사회교과 : 생활과 윤리, 사회문화, 윤리와 사상, 교양교과 : 보건학, 환경, 철학, 생활과 창의성, 인문학적 감성과 역사 이해"
생물학과,진로선택과목,"생명과학Ⅱ, 융합과학, 생활과 과학, 화학Ⅱ, 농업생명과학, 고전과 윤리"
생물학과,전문교과Ⅰ,"고급 생명과학, 생명과학 실험, 과학과제연구, 융합과학 탐구, 생태와 환경, 정보과학, 사회탐구 방법"
생물학과,전문교과Ⅱ,"생명공학 기술, 인간과 환경"
보건관리학과,공통과목,"영어, 수학, 과학, 정보"
보건관리학과,일반선택과목,"영어교과 : 영어Ⅰ, 영어Ⅱ, 영어 독해와 작문, 수학교과 : 수학Ⅰ, 수학Ⅱ, 미적분, 확률과 통계, 과학교과 : 화학Ⅰ, 생명과학Ⅰ, 기술ㆍ가정교과 : 정보"
보건관리학과,진로선택과목,"화학Ⅱ, 생명과학Ⅱ. 지식 재산 일반"
보건관리학과,전문교과Ⅰ,"정보과학, 과학 과제 연구"
보건관리학과,전문교과Ⅱ,"정보 보호 관리, 정보 처리와 관리, 공중 보건, 인체 구조와 기능, 기초 간호 임상 실무, 보건간호"
보건행정과,공통과목,"영어, 수학, 과학, 정보"
보건행정과,일반선택과목,"영어교과 : 영어Ⅰ, 영어Ⅱ, 영어 독해와 작문, 수학교과 : 수학Ⅰ, 수학Ⅱ, 미적분, 확률과 통계, 과학교과 : 화학Ⅰ, 생명과학Ⅰ, 기술ㆍ가정교과 : 정보"
보건행정과,진로선택과목,"화학Ⅱ, 생명과학Ⅱ, 지식 재산 일반"
보건행정과,전문교과Ⅰ,"정보, 과학, 과학과제 연구"
보건행정과,전문교과Ⅱ,"정보 보호 관리, 정보 처리와 관리, 공중 보건, 인체 구조와 기능, 기초 간호 임상 실무, 보건 간호 "
보건행정학과,공통과목,"영어, 수학, 과학, 정보"
보건행정학과,일반선택과목,"영어교과 : 영어I, 영어II, 영어 독해와 작문, 수학교과 : 수학I, 수학II, 미적분, 확률과 통계, 과학교과 : 화학I, 생명과학I, 기술ㆍ가정교과 : 정보"
보건행정학과,진로선택과목,"화학II, 생명과학II, 지식 재산 일반"
보건행정학과,전문교과Ⅰ,"정보 과학, 과학 과제 연구"
보건행정학과,전문교과Ⅱ,"정보 보호 관리, 정보 처리와 관리, 공중 보건, 인체 구조와 기능, 기초 간호 임상 실무, 보건 간호 "
비서행정과,공통과목,"사회, 생활ㆍ교양"
비서행정과,일반선택과목,"사회교과 : 한국지리, 세계지리, 세계사, 경제, 정치와 법, 사회ㆍ문화, 생활과 윤리, 윤리와 사상, 생활ㆍ교양교과 : 철학, 논리학, 심리학"
비서행정과,진로선택과목,사회문제 탐구
비서행정과,전문교과Ⅰ,"국제 정치, 국제 경제, 국제법, 지역 이해, 비교 문화, 세계 문제와 미래 사회, 국제 관계와 국제기구, 현대 세계의 변화, 사회 탐구 방법 및 사회 과제 연구"
비서행정과,전문교과Ⅱ,"커뮤니케이션, 정보 처리와 관리 정보 보호 관리, 빅데이터 분석"
비서행정학과,공통과목,"사회, 생활ㆍ교양"
비서행정학과,일반선택과목,"사회교과 : 한국지리, 세계지리, 세계사, 경제, 정치와 법, 사회ㆍ문화, 생활과 윤리, 윤리와 사상, 생활ㆍ교양교과 : 철학, 논리학, 심리학"
비서행정학과,진로선택과목,사회문제 탐구
비서행정학과,전문교과Ⅰ,"국제 정치, 국제 경제, 국제법, 지역 이해, 비교 문화, 세계 문제와 미래 사회, 국제 관계와 국제기구, 현대 세계의 변화, 사회 탐구 방법 및 사회과제 연구"
비서행정학과,전문교과Ⅱ,"커뮤니케이션, 정보처리와 관리, 정보 보호 관리, 빅데이터 분석"
건강관리과,공통과목,"체육, 윤리"
건강관리과,일반선택과목,"체육교과 : 체육, 운동과 건강, 사회교과 : 생활과 윤리, 윤리와 사상, 교양교과 : 철학, 심리학, 교육학"
건강관리과,진로선택과목,"스포츠 생활, 체육 탐구"
건강관리과,전문교과Ⅰ,"스포츠 개론, 체육 지도법, 체육 전공 실기 기초, 체육 전공 실기 심화, 체육 전공 실기 응용"
건강관리과,전문교과Ⅱ,"인체 구조와 기능, 간호의 기초"
건강관리학과,공통과목,"체육, 윤리"
건강관리학과,일반선택과목,"체육교과 : 체육, 운동과 건강, 사회교과 : 생활과 윤리, 윤리와 사상, 교양교과 : 철학, 심리학, 교육학"
건강관리학과,진로선택과목,"스포츠 생활, 체육 탐구"
건강관리학과,전문교과Ⅰ,"스포츠개론, 체육지도법, 체육 전공 실기 기초, 체육 전공 실기 심화, 체육 전공 실기 응용"
건강관리학과,전문교과Ⅱ,"인체 구조와 기능, 간호의 기초"
의무행정과,공통과목,"영어, 수학, 과학, 기술가정"
의무행정과,일반선택과목,"영어교과 : 영어Ⅰ, 영어Ⅱ, 영어 독해와 작문, 수학교과 : 수학Ⅰ, 수학Ⅱ, 미적분, 확률과 통계, 과학교과 : 화학Ⅰ, 생명과학Ⅰ, 기술ㆍ가정교과 : 정보"
의무행정과,진로선택과목,"화학Ⅱ, 생명과학Ⅱ, 지식 재산 일반"
의무행정과,전문교과Ⅰ,"정보 과학, 과학 과제 연구"
의무행정과,전문교과Ⅱ,"빅데이터 분석, 정보 보호 관리, 정보 처리와 관리"
보석감정과,공통과목,"미술, 윤리"
보석감정과,일반선택과목,"예술교과 : 미술, 사회교과 : 생활과 윤리, 윤리와 사상, 교양교과 : 철학, 심리학, 교육학"
보석감정과,진로선택과목,"미술 창작, 미술 감상과 비평"
보석감정과,전문교과Ⅰ,"미술 이론, 미술사, 드로잉 미술 전공 실기"
보석감정과,전문교과Ⅱ,"디자인 일반, 시각디자인, 색체 관리"
아동복지과,공통과목,"사회, 생활ㆍ교양"
아동복지과,일반선택과목,"사회교과 : 정치와 법, 사회ㆍ문화, 경제, 생활과 윤리, 생활ㆍ교양교과 : 철학, 논리학, 심리학, 교육학, 보건"
아동복지과,진로선택과목,사회문제 탐구
아동복지과,전문교과Ⅰ,"지역 이해, 세계 문제와 미래 사회, 사회 탐구 방법 및 사회과제 연구"
아동복지과,전문교과Ⅱ,"인간 발달, 아동복지, 생활서비스 산업의 이해, 복지 서비스의 기초"
아동복지학과,공통과목,"사회, 생활ㆍ교양"
아동복지학과,일반선택과목,"사회교과 : 정치와 법, 사회ㆍ문화, 경제, 생활과 윤리, 생활ㆍ교양교과 : 철학, 논리학, 심리학, 교육학, 보건"
아동복지학과,진로선택과목,사회문제 탐구
아동복지학과,전문교과Ⅰ,"지역 이해, 세계 문제와 미래 사회, 사회 탐구 방법 및 사회과제 연구"
아동복지학과,전문교과Ⅱ,"인간 발달, 아동 복지, 생활서비스 산업의 이해, 복지 서비스의 기초"
아동학과,공통과목,"사회, 생활ㆍ교양"
아동학과,일반선택과목,"사회교과 : 사회ㆍ문화, 생활과 윤리, 기술ㆍ가정교과 : 기술ㆍ가정, 생활ㆍ교양교과 : 철학, 심리학, 교육학, 보건"
아동학과,진로선택과목,"사회문제 탐구, 가정과학"
아동학과,전문교과Ⅰ,"지역 이해, 세계 문제와 미래 사회, 현대 세계의 변화, 사회 탐구 방법 및 사회과제 연구"
아동학과,전문교과Ⅱ,"인간 발달, 아동 복지, 영유아 건강, 안전, 영양 지도, 복지 서비스의 기초"
항공서비스과,공통과목,"영어, 사회, 생활ㆍ교양"
항공서비스과,일반선택과목,"영어교과 : 영어 회화, 영어Ⅰ, 영어Ⅱ, 사회교과 : 한국지리, 세계지리, 경제, 정치와 법, 사회ㆍ문화, 생활과 윤리, 생활ㆍ교양교과 : 제2외국어 과목Ⅰ, 심리학"
항공서비스과,진로선택과목,"실용 영어, 진로 영어, 여행지리, 사회문제 탐구, 제2 외국어 과목Ⅱ"
항공서비스과,전문교과Ⅰ,"지역 이해, 세계 문제와 미래 사회, 사회 탐구 방법 및 사회과제 연구"
항공서비스과,전문교과Ⅱ,"커뮤니케이션, 비즈니스 영어"
항공서비스학과,공통과목,"영어, 사회, 생활ㆍ교양"
항공서비스학과,일반선택과목,"영어교과 : 영어 회화, 영어I, 영어Ⅱ, 사회교과 : 한국지리, 세계지리, 경제, 정치와 법, 사회ㆍ문화, 생활과 윤리, 생활ㆍ교양교과 : 제2외국어 과목I, 심리학"
항공서비스학과,진로선택과목,"실용 영어, 진로 영어, 여행지리, 사회문제 탐구, 제2외국어 과목Ⅱ"
항공서비스학과,전문교과Ⅰ,"지역 이해, 세계 문제와 미래 사회, 사회 탐구 방법 및 사회과제 연구"
항공서비스학과,전문교과Ⅱ,"커뮤니케이션, 비즈니스 영어"
항공운항과,공통과목,"수학, 영어, 과학, 교양"
항공운항과,일반선택과목,"수학ㆍ사회교과 : 수학ⅠㆍⅡ, 미적분, 확률과 통계, 정치와 법, , 영어교과 : 영어ⅠㆍⅡ, 영어회화, 영어 독해와 작문, 과학ㆍ교양교과 : 물리Ⅰ, 지구과학Ⅰ, 화학Ⅰ, 보건학, 논리학, 철학, 논술"
항공운항과,진로선택과목,"물리학Ⅱ, 융합과학, 수학탐구 과제, 기하, 사회문제 탐구, 공학일반, 실용영어, 진로영어, 고전과 윤리, 여행지리"
항공운항과,전문교과Ⅰ,"고급 물리학, 물리학 실험, 과학과제 연구, 심화수학ⅠㆍⅡ, 고급수학ⅠㆍⅡ, 심화영어ⅠㆍⅡ, 심화영어회화ⅠㆍⅡ"
항공운항과,전문교과Ⅱ,"항공기 일반, 항공기 실무 기초"
항공운항학과,공통과목,"수학, 영어, 과학, 교양"
항공운항학과,일반선택과목,"수학ㆍ사회교과 : 수학ⅠㆍⅡ, 미적분, 확률과 통계, 정치와 법, , 영어교과 : 영어ⅠㆍⅡ, 영어회화, 영어 독해와 작문, 과학ㆍ교양교과 : 물리Ⅰ, 지구과학Ⅰ, 화학Ⅰ, 보건학, 논리학, 철학, 논술"
항공운항학과,진로선택과목,"물리학Ⅱ, 융합과학, 수학탐구 과제, 기하, 사회문제 탐구, 공학일반, 실용영어, 진로영어, 고전과 윤리, 여행지리"
항공운항학과,전문교과Ⅰ,"고급 물리학, 물리학 실험, 과학과제 연구, 심화수학ⅠㆍⅡ, 고급수학ⅠㆍⅡ, 심화영어ⅠㆍⅡ, 심화영어회화ⅠㆍⅡ"
항공운항학과,전문교과Ⅱ,"항공기 일반, 항공기 실무 기초"
항공우주공학과,공통과목,"수학, 과학, 기술ㆍ가정"
항공우주공학과,일반선택과목,"수학교과 : 수학ⅠㆍⅡ, 미적분, 확률과 통계, 과학교과 : 물리학Ⅰ, 화학Ⅰ, 지구과학Ⅰ, 기술ㆍ가정교과 : 기술ㆍ가정, 정보"
항공우주공학과,진로선택과목,"기하, 수학과제 탐구, 물리학Ⅱ, 화학Ⅱ, 지구과학Ⅱ, 생활과 과학, 융합과학, 공학 일반"
항공우주공학과,전문교과Ⅰ,"심화수학ⅠㆍⅡ, 고급 수학ⅠㆍⅡ, 고급 물리학, 물리학 실험, 고급 화학, 화학 실험, 고급 지구과학, 지구과학 실험, 정보과학, 융합과학탐구, 과학과제연구"
항공우주공학과,전문교과Ⅱ,"공업 일반, 기계 일반, 기계 제도, 항공기 일반, 항공기 실무 기초, 항공기 기체 제작, 프로그래밍, 자료구조"
문헌정보학과,공통과목,"국어, 수학, 생활ㆍ교양, 영어"
문헌정보학과,일반선택과목,"국어교과 : 언어와 매체, 독서, 문학, 화법과 작문, 수학교과 : 확률과 통계, 수학Ⅰ, 수학Ⅱ, 생활ㆍ교양교과 : 정보, 영어Ⅰ, 철학, 교육학, 심리학, 종교학, 논리학"
문헌정보학과,진로선택과목,"실용 국어, 심화 국어, 고전 읽기, 사회문제 탐구, 기하, 수학과제 탐구"
문헌정보학과,전문교과Ⅰ,"사회탐구 방법, 사회과제 연구, 문학과 매체, 정보과학"
문헌정보학과,전문교과Ⅱ,정보처리와 관리
사진영상학과,공통과목,"미술, 윤리"
사진영상학과,일반선택과목,"예술교과 : 미술, 사회교과 : 생활과 윤리, 윤리와 사상, 교양교과 : 철학, 심리학, 교육학"
사진영상학과,진로선택과목,"미술 창작, 미술 감상과 비평"
사진영상학과,전문교과Ⅰ,"미술 이론, 미술사, 드로잉, 미술 전공 실기"
사진영상학과,전문교과Ⅱ,"디자인 일반, 시각 디자인, 색채 관리"
사진과,공통과목,"미술, 윤리"
사진과,일반선택과목,"예술교과 : 미술, 사회교과 : 생활과 윤리, 윤리와 사상, 교양교과 : 철학, 심리학, 교육학"
사진과,진로선택과목,"미술 창작, 미술 감상과 비평"
사진과,전문교과Ⅰ,"미술 이론, 미술사, 드로잉 미술 전공 실기"
사진과,전문교과Ⅱ,"디자인 일반, 시각디자인, 색체 관리"
예술학과,공통과목,"미술, 윤리"
예술학과,일반선택과목,"예술교과 : 미술, 사회교과 : 생활과 윤리, 윤리와 사상, 교양교과 : 철학, 심리학, 교육학"
예술학과,진로선택과목,"미술 창작, 미술 감상과 비평"
예술학과,전문교과Ⅰ,"미술 이론, 미술사, 드로잉, 미술 전공 실기"
예술학과,전문교과Ⅱ,"디자인 일반, 시각 디자인, 색채 관리"
가족복지과,공통과목,"사회, 생활ㆍ교양"
가족복지과,일반선택과목,"사회교과 : 사회ㆍ문화, 생활과 윤리, 윤리와 사상, 생활ㆍ교양교과 : 철학, 논리학, 심리학, 교육학"
가족복지과,진로선택과목,사회문제 탐구
가족복지과,전문교과Ⅰ,"지역 이해, 세계 문제와 미래 사회, 현대 세계의 변화, 사회 탐구 방법 및 사회과제 연구"
가족복지과,전문교과Ⅱ,"사무 행정, 인간 발달, 아동 복지, 복지 서비스의 기초, 대인 복지 서비스"
노인복지학과,공통과목,"사회, 생활ㆍ교양"
노인복지학과,일반선택과목,"사회교과 : 한국지리, 정치와 법, 사회ㆍ문화, 경제, 생활과 윤리, 생활ㆍ교양교과 : 철학, 논리학, 심리학, 교육학, 보건"
노인복지학과,진로선택과목,사회문제 탐구
노인복지학과,전문교과Ⅰ,"지역 이해, 세계 문제와 미래 사회, 현대 세계의 변화, 사회 탐구 방법 및 사회과제 연구"
노인복지학과,전문교과Ⅱ,"사무 행정, 인간 발달, 아동 복지, 복지 서비스의 기초, 대인 복지 서비스"
유아교육과,공통과목,"국어, 영어, 사회, 윤리"
유아교육과,일반선택과목,"사회교과 : 생활과 윤리, 윤리와 사상, 교양교과 : 철학, 심리학, 교육학"
유아교육과,진로선택과목,"음악 연주, 미술 창작"
유아교육과,전문교과Ⅰ,"합창, 스포츠 개론, 체조 운동, 연극의 이해, 문예 창작 입문"
유아교육과,전문교과Ⅱ,"인간 발달, 영ㆍ유아 놀이지도, 아동 생활지도, 아동 복지"
유아교육학과,공통과목,"국어, 영어, 사회, 윤리"
유아교육학과,일반선택과목,"사회교과 : 생활과 윤리, 윤리와 사상, 교양교과 : 철학, 심리학, 교육학"
유아교육학과,진로선택과목,"음악 연주, 미술 창작"
유아교육학과,전문교과Ⅰ,"합창, 스포츠 개론, 체조 운동, 연극의 이해, 문예 창작 입문"
유아교육학과,전문교과Ⅱ,"인간 발달, 영ㆍ유아 놀이지도, 아동 생활지도, 아동 복지"
청소년지도학과,공통과목,"사회, 생활ㆍ교양"
청소년지도학과,일반선택과목,"사회교과 : 사회ㆍ문화, 생활과 윤리, 윤리와 사상, 생활ㆍ교양교과 : 철학, 논리학, 심리학, 교육학"
청소년지도학과,진로선택과목,사회문제 탐구
청소년지도학과,전문교과Ⅰ,"지역 이해, 세계 문제와 미래 사회, 사회 탐구 방법 및 사회과제 연구, 정보과학"
청소년지도학과,전문교과Ⅱ,"커뮤니케이션, 인간 발달, 아동 복지, 빅데이터 분석"
특수교육학과,공통과목,"영어, 윤리"
특수교육학과,일반선택과목,"영어교과 : 영어, 체육ㆍ예술교과 : 음악, 미술, 연극, 사회교과 : 생활과 윤리, 윤리와 사상, 교양교과 : 철학, 심리학, 교육학"
특수교육학과,진로선택과목,"음악 연주, 미술 창작"
특수교육학과,전문교과Ⅰ,"합창, 스포츠 개론, 체조 운동"
특수교육학과,전문교과Ⅱ,"간호의 기초, 인체 구조와 기능"
산업안전과,공통과목,"수학, 과학, 기술ㆍ가정"
산업안전과,일반선택과목,"수학교과 : 수학ⅠㆍⅡ, 미적분, 확률과 통계, 과학교과 : 물리학Ⅰ, 화학Ⅰ. 생명과학Ⅰ, 기술ㆍ가정교과 : 기술ㆍ가정, 정보"
산업안전과,진로선택과목,"기하, 물리학Ⅱ, 화학Ⅱ, 생명과학Ⅱ, 생활과 과학, 융합과학, 공학 일반"
산업안전과,전문교과Ⅰ,"심화수학ⅠㆍⅡ, 고급 수학ⅠㆍⅡ, 고급 물리학, 물리학 실험, 고급 화학, 화학 실험, 고급 생명과학, 생명과학 실험, 정보과학, 융합과학 탐구, 과학과제연구, 생태와 환경"
산업안전과,전문교과Ⅱ,"환경 화학 기초, 산업 안전 보건 기초"
안전공학과,공통과목,"수학, 사회, 과학, 기술ㆍ가정"
안전공학과,일반선택과목,"수학교과 : 수학ⅠㆍⅡ, 미적분, 확률과 통계, 사회교과 : 한국지리, 세계지리, 경제, 사회문화, 생활과 윤리, 과학교과 : 물리학Ⅰ, 화학Ⅰ, 생명과학Ⅰ, 지구과학Ⅰ, 기술ㆍ가정교과 : 기술ㆍ가정, 정보"
안전공학과,진로선택과목,"실용수학, 기하, 경제수학, 수학과제 탐구, 물리학Ⅱ, 화학Ⅱ, 생명과학Ⅱ, 지구과학Ⅱ, 생활과 과학, 융합과학, 공학 일반, 사회문제 탐구"
안전공학과,전문교과Ⅰ,"심화수학ⅠㆍⅡ, 고급 수학ⅠㆍⅡ, 고급 물리학, 물리학 실험, 고급 화학, 화학 실험, 고급 생명과학, 생명과학 실험, 고급 지구과학, 지구과학 실험, 정보과학, 융합과학탐구, 과학과제연구, 생태와 환경, 지역 이해, 사회과제 연구"
안전공학과,전문교과Ⅱ,"환경 화학 기초, 인간과 환경, 환경 생태 관리, 수질 관리, 대기 관리, 폐기물 관리"
화학공업과,공통과목,"수학, 과학, 기술ㆍ가정"
화학공업과,일반선택과목,"수학교과 : 수학ⅠㆍⅡ, 미적분, 확률과 통계 , 과학교과 : 물리학Ⅰ, 화학Ⅰ, 기술ㆍ가정교과 : 기술ㆍ가정, 정보"
화학공업과,진로선택과목,"기하, 물리학Ⅱ, 화학Ⅱ, 공학 일반"
화학공업과,전문교과Ⅰ,"심화수학ⅠㆍⅡ, 고급 수학ⅠㆍⅡ, 고급 물리학, 물리학 실험, 고급 화학, 화학 실험, 정보과학, 과학과제연구"
화학공업과,전문교과Ⅱ,"공업 일반, 공업 화학, 제조 화학, 화학 분석, 석유 화학 제품"
환경공업과,,"수학, 사회, 과학, 기술ㆍ가정"
환경공업과,일반선택과목,"수학교과 : 수학ⅠㆍⅡ, 미적분, 확률과 통계, 사회교과 : 한국지리, 세계지리, 경제, 사회문화, 과학교과 : 물리학Ⅰ, 화학Ⅰ, 생명과학Ⅰ, 지구과학Ⅰ, 기술ㆍ가정교과 : 기술ㆍ가정, 정보"
환경공업과,진로선택과목,"실용수학, 기하, 수학과제 탐구, 물리학Ⅱ, 화학Ⅱ, 생명과학Ⅱ, 생활과 과학, 융합과학, 공학 일반, 사회문제 탐구"
환경공업과,전문교과Ⅰ,"심화수학ⅠㆍⅡ, 고급 수학ⅠㆍⅡ, 고급 화학, 화학 실험, 고급 생명과학, 생명과학실험, 융합 과학 탐구, 과학과제연구, 생태와 환경, 지역 이해, 세계 문제와 미래 사회"
환경공업과,전문교과Ⅱ,"인간과 환경, 산업 안전 보건 기초, 환경 생태 관리"
생명공학과,공통과목,"수학, 과학, 기술ㆍ가정"
생명공학과,일반선택과목,"수학교과 : 수학ⅠㆍⅡ, 미적분, 확률과 통계, 과학교과 : 화학Ⅰ, 생명과학Ⅰ, 기술ㆍ가정교과 : 기술ㆍ가정, 정보"
생명공학과,진로선택과목,"기하, 수학과제 탐구, 화학Ⅱ, 생명과학Ⅱ, 생활과 과학, 융합과학, 공학 일반"
생명공학과,전문교과Ⅰ,"심화수학ⅠㆍⅡ, 고급 수학ⅠㆍⅡ, 고급 화학, 화학 실험, 고급 생명과학, 생명과학 실험, 정보과학, 융합과학탐구, 과학과제연구, 생태와 환경"
생명공학과,전문교과Ⅱ,인간과 환경
생명과학과,공통과목,"과학, 윤리, 교양, 수학"
생명과학과,일반선택과목,"과학교과 : 화학Ⅰ, 생명과학Ⅰ, 사회교과 : 생활과 윤리, 사회문화, 윤리와 사상, 교양교과 : 환경, 보건학, 철학, 생활과 창의성, 논술"
생명과학과,진로선택과목,"생명과학Ⅱ, 융합과학, 생활과 과학, 화학Ⅱ, 농업생명과학, 사회문제 탐구"
생명과학과,전문교과Ⅰ,"고급 생명과학, 생명과학 실험, 과학과제연구, 융합과학 탐구, 생태와 환경, 정보과학, 사회탐구 방법"
생명과학과,전문교과Ⅱ,"생명공학 기술, 인간과 환경"
동양화과,공통과목,"미술, 윤리"
동양화과,일반선택과목,"예술교과 : 미술, 사회교과 : 생활과 윤리, 윤리와 사상, 교양교과 : 철학, 심리학, 교육학"
동양화과,진로선택과목,"미술 창작, 미술 감상과 비평"
동양화과,전문교과Ⅰ,"미술 이론, 미술사, 드로잉 미술 전공 실기"
동양화과,전문교과Ⅱ,"디자인 일반, 시각디자인, 색체 관리"
회화학과,공통과목,"미술, 윤리"
회화학과,일반선택과목,"예술교과 : 미술, 사회교과 : 생활과 윤리, 윤리와 사상, 교양교과 : 철학, 심리학, 교육학"
회화학과,진로선택과목,"미술 창작, 미술 감상과 비평"
회화학과,전문교과Ⅰ,"미술 이론, 미술사, 드로잉 미술 전공 실기"
회화학과,전문교과Ⅱ,"디자인 일반, 시각디자인, 색체 관리"
관광경영과,공통과목,"사회, 생활ㆍ교양"
관광경영과,일반선택과목,"사회교과 : 한국지리, 세계지리, 사회ㆍ문화, 생활과 윤리, 생활ㆍ교양교과 : 환경"
관광경영과,진로선택과목,"실용 수학, 여행지리, 사회문제 탐구"
관광경영과,전문교과Ⅰ,"정보과학, 생태와 환경, 지역 이해, 비교 문화, 세계 문제와 미래 사회, 사회 탐구 방법 및 사회과제 연구"
관광경영과,전문교과Ⅱ,"커뮤니케이션, 비즈니스 영어, 마케팅과 광고, 빅데이터 분석"
관광통역과,공통과목,"영어, 사회, 교양"
관광통역과,일반선택과목,"영어교과 : 영어 회화, 영어Ⅰ, 영어 독해와 작문, 영어Ⅱ"
관광통역과,진로선택과목,"실용 영어, 영어권 문학, 진로 영어, 영미 문학 읽기, 사회문제 탐구, 고전과 윤리, 여행지리"
관광통역과,전문교과Ⅰ,"심화 영어, 심화 영어 회화, 심화 영어 독해, 심화 영어 작문, 세계 문제와 미래 사회, 국제 관계와 국제기구, 사회과제 연구"
문화관광과,공통과목,"사회, 생활ㆍ교양"
문화관광과,일반선택과목,"사회교과 : 한국지리, 세계지리, 사회ㆍ문화, 생활과 윤리, 생활ㆍ교양교과 : 환경"
문화관광과,진로선택과목,"실용 수학, 여행지리, 사회문제 탐구"
문화관광과,전문교과Ⅰ,"정보과학, 생태와 환경, 지역 이해, 비교 문화, 세계 문제와 미래 사회, 사회 탐구 방법 및 사회과제 연구"
문화관광과,전문교과Ⅱ,"커뮤니케이션, 비즈니스 영어, 마케팅과 광고, 빅데이터 분석"
항해학과,공통과목,"수학, 과학, 기술ㆍ가정"
항해학과,일반선택과목,"수학교과 : 수학ⅠㆍⅡ, 미적분, 확률과 통계, 과학교과 : 물리학Ⅰ, 화학Ⅰ, 지구과학Ⅰ, 기술ㆍ가정교과 : 기술ㆍ가정, 정보"
항해학과,진로선택과목,"기하, 수학과제 탐구, "
항해학과,전문교과Ⅰ,"심화수학ⅠㆍⅡ, 고급 수학ⅠㆍⅡ, 고급 물리학, 물리학 실험, 고급 화학, 화학 실험, 고급 지구과학, 지구과학 실험,, 정보과학, 융합과학탐구, 과학과제연구"
항해학과,전문교과Ⅱ,"기계 제도, 기초 제도, 선박 구조, 선박 건조, 해양의 이해, 해양 정보 관리"
섬유공학과,공통과목,"수학, 과학, 기술ㆍ가정"
섬유공학과,일반선택과목,"수학교과 : 수학ⅠㆍⅡ, 미적분, 확률과 통계, 과학교과 : 물리학Ⅰ, 화학Ⅰ, 생명과학Ⅰ, 기술ㆍ가정교과 : 기술ㆍ가정, 정보"
섬유공학과,진로선택과목,"기하, 물리학Ⅱ, 화학Ⅱ, 생명과학Ⅱ, 공학 일반"
섬유공학과,전문교과Ⅰ,"심화수학ⅠㆍⅡ, 고급 수학ⅠㆍⅡ, 고급 물리학, 물리학 실험, 고급 화학, 화학 실험, 고급 생명과학, 생명과학 실험,생태와 환경, 과학과제연구"
섬유공학과,전문교과Ⅱ,"공업 일반, 화학 일반, 재료 일반, 석유화학 제품"
의류ㆍ의상학과,공통과목,"예술, 생활ㆍ교양, 사회, 과학, 영어"
의류ㆍ의상학과,일반선택과목,"예술ㆍ과학교과 : 미술, 화학Ⅰ, 생활ㆍ교양교과 : 기술가정, 심리학, 보건학, 철학, 인문학적 감성과 역사 이해, 정보, 사회교과 : 사회문화, 경제, 생활과 윤리, 세계사, 동아시아사"
의류ㆍ의상학과,진로선택과목,"미술 감상과 비평, 미술 창작, 사회문제 탐구, 여행지리, 고전과 윤리, 가정 과학, 화학Ⅱ, 융합과학, 생활과 과학, 진로영어"
의류ㆍ의상학과,전문교과Ⅰ,"사회과제 연구, 사회탐구 방법, 비교문화, 융합과학탐구, 화학실험, 과학과제연구, 현대 세계의 변화, 드로잉, 평면조형, 입체조형, 매체미술"
의류ㆍ의상학과,전문교과Ⅱ,"색채관리, 컴퓨터그래픽, 디자인일반"
기독교학과,공통과목,"영어, 사회, 생활ㆍ교양"
기독교학과,일반선택과목,"영어교과 : 영어 회화, 영어Ⅰ, 영어 독해와 작문, 영어Ⅱ, 사회교과 : 한국지리, 세계지리, 세계사, 동아시아사, 사회ㆍ문화, 고전과 윤리, 생활ㆍ교양교과 : 철학, 심리학, 교육학, 종교학"
기독교학과,진로선택과목,"영어권 문화, 영미 문학 읽기, 사회문제 탐구"
기독교학과,전문교과Ⅰ,"지역 이해, 비교 문화, 세계 문제와 미래 사회, 사회 탐구 방법 및 사회과제 연구"
기독교학과,전문교과Ⅱ,빅데이터 분석
불교학과,공통과목,"영어, 사회, 생활ㆍ교양"
불교학과,일반선택과목,"영어교과 : 영어 회화, 영어Ⅰ, 영어 독해와 작문, 영어Ⅱ, 사회교과 : 한국지리, 세계지리, 세계사, 동아시아사, 사회ㆍ문화, 고전과 윤리, 생활ㆍ교양교과 : 철학, 심리학, 교육학, 종교학"
불교학과,진로선택과목,"영어권 문화, 영미 문학 읽기, 사회문제 탐구"
불교학과,전문교과Ⅰ,"지역 이해, 비교 문화, 세계 문제와 미래 사회, 사회 탐구 방법 및 사회과제 연구"
불교학과,전문교과Ⅱ,빅데이터 분석
신학과,공통과목,"영어, 사회, 생활ㆍ교양"
신학과,일반선택과목,"영어교과 : 영어 회화, 영어Ⅰ, 영어 독해와 작문, 영어Ⅱ, 사회교과 : 한국지리, 세계지리, 세계사, 동아시아사, 사회ㆍ문화, 고전과 윤리, 생활ㆍ교양교과 : 철학, 심리학, 교육학, 종교학"
신학과,진로선택과목,"영어권 문화, 영미 문학 읽기, 사회문제 탐구"
신학과,전문교과Ⅰ,"지역 이해, 비교 문화, 세계 문제와 미래 사회, 사회 탐구 방법 및 사회과제 연구"
신학과,전문교과Ⅱ,빅데이터 분석
종교교육과,공통과목,"영어, 사회, 생활ㆍ교양"
종교교육과,일반선택과목,"영어교과 : 영어 회화, 영어Ⅰ, 영어 독해와 작문, 영어Ⅱ, 사회교과 : 한국지리, 세계지리, 세계사, 동아시아사, 사회ㆍ문화, 고전과 윤리, 생활ㆍ교양교과 : 교육학, 심리학, 철학, 종교학"
종교교육과,진로선택과목,"영어권 문화, 영미 문학 읽기, 사회문제 탐구"
종교교육과,전문교과Ⅰ,"지역 이해, 비교 문화, 세계 문제와 미래 사회, 사회 탐구 방법 및 사회과제 연구"
종교교육과,전문교과Ⅱ,빅데이터 분석
외식산업과,공통과목,"과학, 사회, 생활ㆍ교양, 영어"
외식산업과,일반선택과목,"과학교과 : 생명과학I, 화학Ⅰ, 사회교과 : 사회문화, 경제, 생활과 윤리, 정치와 법, 한국지리, 세계지리, 생활ㆍ교양교과 : 기술가정, 보건학, 환경, 심리학, 정보, 진로와 직업"
외식산업과,진로선택과목,"경제수학, 사회문제탐구, 창의경영, 실용경제, 생활과 창의성, 생명과학Ⅱ,  화학Ⅱ, 융합과학, 생활과 과학, 가정과학, 실용영어, 진로영어"
외식산업과,전문교과Ⅰ,"지역이해, 사회과제 연구, 사회탐구 방법, 융합과학 탐구, 생명과학/화학 실험, 과학 과제 연구"
외식산업과,전문교과Ⅱ,"회계원리, 창업 일반, 식품과 영양, 식품위생, 식품과학, 조리"
외식산업학과,공통과목,"과학, 사회, 생활ㆍ교양, 영어"
외식산업학과,일반선택과목,"과학교과 : 생명과학I, 화학Ⅰ, 사회교과 : 사회문화, 경제, 생활과 윤리, 정치와 법, 한국지리, 세계지리, 생활ㆍ교양교과 : 기술가정, 보건학, 환경, 심리학, 정보, 진로와 직업"
외식산업학과,진로선택과목,"경제수학, 사회문제탐구, 창의경영, 실용경제, 생활과 창의성, 생명과학Ⅱ,  화학Ⅱ, 융합과학, 생활과 과학, 가정과학, 실용영어, 진로영어"
외식산업학과,전문교과Ⅰ,"지역이해, 사회과제 연구, 사회탐구 방법, 융합과학 탐구, 생명과학/화학 실험, 과학 과제 연구"
외식산업학과,전문교과Ⅱ,"회계원리, 창업 일반, 식품과 영양, 식품위생, 식품과학, 조리"
호텔경영과,공통과목,"수학, 사회, 기술ㆍ가정, 생활ㆍ교양"
호텔경영과,일반선택과목,"수학교과 : 수학I, Ⅱ, 미적분, 확률과 통계, 사회교과 : 경제, 생활과 윤리, 기술ㆍ가정교과 : 정보, 생활ㆍ교양교과 : 실용 경제"
호텔경영과,진로선택과목,"실용 수학, 기하, 경제 수학, 수학 과제 탐구, 사회문제 탐구, 창의 경영, 지식 재산 일반"
호텔경영과,전문교과Ⅰ,"심화 수학I, 정보과학, 국제 경제, 세계 문제와 미래 사회, 사회 탐구 방법 및 사회과제 연구"
호텔경영과,전문교과Ⅱ,"기업과 경영, 회계 정보 처리 시스템, 금융 일반, 마케팅과 광고, 창업 일반, 커뮤니케이션, 유통 관리"
소방안전관리과,공통과목,"수학, 과학, 기술ㆍ가정"
소방안전관리과,일반선택과목,"수학교과 : 수학ⅠㆍⅡ, 미적분, 확률과 통계, 과학교과 : 물리학Ⅰ, 화학Ⅰ. 생명과학Ⅰ, 기술ㆍ가정교과 : 기술ㆍ가정, 정보"
소방안전관리과,진로선택과목,"기하, 물리학Ⅱ, 화학Ⅱ, 생명과학Ⅱ, 생활과 과학, 융합과학, 공학 일반"
소방안전관리과,전문교과Ⅰ,"심화수학ⅠㆍⅡ, 고급 수학ⅠㆍⅡ, 고급 물리학, 물리학 실험, 고급 화학, 화학 실험, 고급 생명과학, 생명과학 실험, 정보과학, 융합과학 탐구, 과학과제연구, 생태와 환경"
소방안전관리과,전문교과Ⅱ,"환경 화학 기초, 산업 안전 보건 기초"
응급구조과,공통과목,"영어, 과학, 체육"
응급구조과,일반선택과목,"영어교과 : 영어Ⅰ, 영어Ⅱ, 영어 독해와 작문, 과학교과 : 생명과학Ⅰ, 체육교과 : 체육, 운동과 건강"
응급구조과,진로선택과목,"생명과학Ⅱ, 스포츠 생활, 체육 탐구"
응급구조과,전문교과Ⅰ,"고급 생명과학, 생명과학 실험, 과학과제 연구, 체육 전공 실기 응용, 개인ㆍ대인 운동"
응급구조과,전문교과Ⅱ,"인체 구조와 기능, 기초 간호 임상 실무, 보건 간호"
보건환경과,공통과목,"영어, 수학, 과학, 정보"
보건환경과,일반선택과목,"영어교과 : 영어Ⅰ, 영어Ⅱ, 영어 독해와 작문, 수학교과 : 수학Ⅰ, 수학Ⅱ, 미적분, 확률과 통계, 과학교과 : 화학Ⅰ, 생명과학Ⅰ, 기술ㆍ가정교과 : 정보"
보건환경과,진로선택과목,"화학Ⅱ, 생명과학Ⅱ, 지식 재산 일반"
보건환경과,전문교과Ⅰ,"정보, 과학, 과학과제 연구"
보건환경과,전문교과Ⅱ,"정보 보호 관리, 정보 처리와 관리, 공중 보건, 인체 구조와 기능, 기초 간호 임상 실무, 보건 간호 "
환경시스템과,공통과목,"수학, 사회, 과학, 기술ㆍ가정"
환경시스템과,일반선택과목,"수학교과 : 수학ⅠㆍⅡ, 미적분, 확률과 통계, 사회교과 : 한국지리, 세계지리, 경제, 사회문화, 과학교과 : 물리학Ⅰ, 화학Ⅰ, 생명과학Ⅰ, 지구과학Ⅰ, 기술ㆍ가정교과 : 기술ㆍ가정, 정보"
환경시스템과,진로선택과목,"실용수학, 기하, 수학과제 탐구, 물리학Ⅱ, 화학Ⅱ, 생명과학Ⅱ, 생활과 과학, 융합과학, 공학 일반, 사회문제 탐구"
환경시스템과,전문교과Ⅰ,"심화수학ⅠㆍⅡ, 고급 수학ⅠㆍⅡ, 고급 화학, 화학 실험, 고급 생명과학, 생명과학실험, 융합 과학 탐구, 과학과제연구, 생태와 환경, 지역 이해, 세계 문제와 미래 사회"
환경시스템과,전문교과Ⅱ,"인간과 환경, 산업 안전 보건 기초, 환경 생태 관리"
경영회계정보과,공통과목,"수학, 사회, 기술ㆍ가정, 생활ㆍ교양"
경영회계정보과,일반선택과목,"수학교과 : 수학I, Ⅱ, 미적분, 확률과 통계, 사회교과 : 경제, 사회ㆍ문화, 생활과 윤리, 기술ㆍ가정교과 : 정보, 생활ㆍ교양교과 : 실용 경제"
경영회계정보과,진로선택과목,"실용 수학, 기하, 경제 수학, 수학 과제 탐구, 사회문제 탐구"
경영회계정보과,전문교과Ⅰ,"심화 수학I,Ⅱ 고급수학I, Ⅱ, 정보과학, 국제 경제, 사회 탐구 방법 및 사회과제 연구 "
경영회계정보과,전문교과Ⅱ,"회계 원리, 회계 정보 처리 시스템, 세무 일반, 국제 상무, 금융 일반, 보험 일반, 회계 실무"
수의학과,공통과목,"영어, 수학, 과학, 윤리"
수의학과,일반선택과목,"영어교과 : 영어Ⅰ, 영어Ⅱ, 영어 독해와 작문, 수학교과 : 수학Ⅰ, 수학Ⅱ, 미적분, 확률과 통계, 과학교과 : 생명과학Ⅰ, 화학Ⅰ, 사회교과 : 생활과 윤리, 윤리와 사상, 교양교과 : 철학, 심리학"
수의학과,진로선택과목,"생명과학Ⅱ, 화학Ⅱ"
수의학과,전문교과Ⅰ,"고급 화학 및 고급 생명과학, 화학실험 및 생명과학 실험, 과학과제 연구"
수의학과,전문교과Ⅱ,"수의 보조, 애완동물 미용"
영화과,공통과목,"음악, 윤리"
영화과,일반선택과목,"예술교과 : 음악, 사회교과 : 생활과 윤리, 윤리와 사상, 교양교과 : 철학, 심리학, 교육학"
영화과,진로선택과목,"음악 연주, 음악 감상과 비평"
영화과,전문교과Ⅰ,"음악이론, 음악사, 시창ㆍ청음, 음악 전공 실기"
영화과,전문교과Ⅱ,음악 콘텐츠 제작 
스포츠건강관리학과,공통과목,"체육, 윤리"
스포츠건강관리학과,일반선택과목,"체육교과 : 체육, 운동과 건강, 사회교과 : 생활과 윤리, 윤리와 사상, 교양교과 : 철학, 심리학, 교육학"
스포츠건강관리학과,진로선택과목,"스포츠 생활, 체육 탐구"
스포츠건강관리학과,전문교과Ⅰ,"스포츠 개론, 체육 지도법, 체육 전공 실기 기초, 체육 전공 실기 심화, 체육 전공 실기 응용"
스포츠건강관리학과,전문교과Ⅱ,"인체 구조와 기능, 간호의 기초"
물리치료과,공통과목,"영어, 과학"
물리치료과,일반선택과목,"영어교과 : 영어Ⅰ, 영어Ⅱ, 영어 독해와 작문, 과학교과 : 생명과학Ⅰ, 체육교과 : 체육, 운동과 건강"
물리치료과,진로선택과목,"생명과학Ⅱ, 스포츠 생활, 체육 탐구"
물리치료과,전문교과Ⅰ,"스포츠 개론, 체조 운동, 개인ㆍ대인 운동"
물리치료과,전문교과Ⅱ,"인체 구조와 기능, 기초 간호 임상 실무, 보건 간호"
공업디자인과,공통과목,"미술, 윤리"
공업디자인과,일반선택과목,"예술교과 : 미술, 사회교과 : 생활과 윤리, 윤리와 사상, 교양교과 : 철학, 심리학, 교육학"
공업디자인과,진로선택과목,"미술 창작, 미술 감상과 비평"
공업디자인과,전문교과Ⅰ,"미술 이론, 미술사, 드로잉 미술 전공 실기"
공업디자인과,전문교과Ⅱ,"디자인 일반, 시각디자인, 색체 관리"
공업디자인학과,공통과목,"미술, 윤리"
공업디자인학과,일반선택과목,"예술교과 : 미술, 사회교과 : 생활과 윤리, 윤리와 사상, 교양교과 : 철학, 심리학, 교육학"
공업디자인학과,진로선택과목,"미술 창작, 미술 감상과 비평"
공업디자인학과,전문교과Ⅰ,"미술 이론, 미술사, 드로잉, 미술 전공 실기"
공업디자인학과,전문교과Ⅱ,"디자인 일반, 시각 디자인, 색채 관리"
조형디자인학과,공통과목,"미술, 윤리"
조형디자인학과,일반선택과목,"예술교과 : 미술, 사회교과 : 생활과 윤리, 윤리와 사상, 교양교과 : 철학, 심리학, 교육학"
조형디자인학과,진로선택과목,"미술 창작, 미술 감상과 비평"
조형디자인학과,전문교과Ⅰ,"미술 이론, 미술사, 드로잉 미술 전공 실기"
조형디자인학과,전문교과Ⅱ,"디자인 일반, 시각디자인, 색체 관리"
패션디자인과,공통과목,"사회, 체육ㆍ예술"
패션디자인과,일반선택과목,"사회교과 : 경제, 사회ㆍ문화, 생활과 윤리, 체육ㆍ예술교과 : 미술"
패션디자인과,진로선택과목,"미술 창작, 미술 감상과 비평, 지식재산 일반, 사회문제 탐구"
패션디자인과,전문교과Ⅰ,"미술 이론, 매체 미술, 세계 문제와 미래 사회, 사회 탐구 방법 및 사회과제 연구"
패션디자인과,전문교과Ⅱ,"디자인 일반, 색체 관리, 정보처리와 관리, 빅데이터 분석"
시스템공학과,공통과목,"수학, 사회, 과학, 기술ㆍ가정"
시스템공학과,일반선택과목,"수학교과 : 수학Ⅰ, 수학Ⅱ, 미적분, 확률과 통계, 사회교과 : 한국지리, 세계지리, 경제, 사회문화, 생활과 윤리, 과학교과 : 물리학Ⅰ, 화학Ⅰ, 기술ㆍ가정교과 : 기술ㆍ가정, 정보"
시스템공학과,진로선택과목,"실용 수학, 기하, 경제수학, 수학과제 탐구, 물리학Ⅱ, 화학Ⅱ, 생활과 과학, 융합과학, 공학 일반, 사회문제 탐구, 창의 경영, 지식 재산 일반"
시스템공학과,전문교과Ⅰ,"심화수학ⅠㆍⅡ, 고급 수학ⅠㆍⅡ, 고급 물리학, 물리학 실험, 고급 화학, 화학 실험, 정보과학, 융합과학탐구, 과학과제연구, 생태와 환경, 지역 이해, 세계 문제와 미래 사회, 사회 탐구 방법, 사회과제 연구"
시스템공학과,전문교과Ⅱ,"공업일반, 기업과 경영, 프로그래밍. 빅데이터 분석"
스마트정보과,공통과목,"수학, 사회, 과학, 기술ㆍ가정"
스마트정보과,일반선택과목,"수학교과 : 수학ⅠㆍⅡ, 미적분, 확률과 통계, 사회교과 : 한국지리, 세계지리, 경제, 사회문화, 생활과 윤리 , 과학교과 : 물리학Ⅰ, 화학Ⅰ, 기술ㆍ가정교과 : 기술ㆍ가정, 정보"
스마트정보과,진로선택과목,"실용수학, 기하, 수학과제 탐구, 물리학Ⅱ, 화학Ⅱ, 생활과 과학, 융합과학, 공학 일반, 사회문제 탐구"
스마트정보과,전문교과Ⅰ,"심화수학ⅠㆍⅡ, 고급 수학ⅠㆍⅡ, 고급 물리학, 물리학 실험, 고급 화학, 화학 실험, 정보과학, 융합과학탐구, 과학과제 연구, 생태와 환경, 지역 이해, 사회과제 연구"
스마트정보과,전문교과Ⅱ,"정보처리와 관리, 프로그래밍, 자료구조, 네트워크 프로그래밍, 정보보호 관리"
시스템경영공학과,공통과목,"수학, 사회, 과학, 기술ㆍ가정"
시스템경영공학과,일반선택과목,"수학교과 : 수학Ⅰ, 수학Ⅱ, 미적분, 확률과 통계, 사회교과 : 한국지리, 세계지리, 경제, 사회문화, 생활과 윤리, 과학교과 : 물리학Ⅰ, 화학Ⅰ, 기술ㆍ가정교과 : 기술ㆍ가정, 정보"
시스템경영공학과,진로선택과목,"실용 수학, 기하, 경제수학, 수학과제 탐구, 물리학Ⅱ, 화학Ⅱ, 생활과 과학, 융합과학, 공학 일반, 사회문제 탐구, 창의 경영, 지식 재산 일반"
시스템경영공학과,전문교과Ⅰ,"심화수학ⅠㆍⅡ, 고급 수학ⅠㆍⅡ, 고급 물리학, 물리학 실험, 고급 화학, 화학 실험, 정보과학, 융합과학탐구, 과학과제연구, 생태와 환경, 지역 이해, 세계 문제와 미래 사회, 사회 탐구 방법, 사회과제 연구"
시스템경영공학과,전문교과Ⅱ,"공업일반, 기업과 경영, 프로그래밍. 빅데이터 분석"
식품영양과,공통과목,"과학, 생활ㆍ교양, 사회"
식품영양과,일반선택과목,"과학교과 : 생명과학Ⅰ, 화학Ⅰ, 물리Ⅰ, 생활ㆍ교양교과 : 기술가정, 정보, 보건학, 환경, 심리학, 교육학, 실용경제, 사회교과 : 사회문화, 생활과 윤리, 정치와 법"
식품영양과,진로선택과목,"생명과학Ⅱ, 화학Ⅱ, 융합과학, 생활과 과학, 농업생명과학, 가정과학"
식품영양과,전문교과Ⅰ,"생명과학실험, 물리/화학 실험, 융합과학 탐구, 과학과제 연구"
식품영양과,전문교과Ⅱ,"식품과 영양, 식품위생, 급식관리, 식품과학, 식품분석"
조리과학과,공통과목,"과학, 생활ㆍ교양, 사회"
조리과학과,일반선택과목,"과학교과 : 생명과학Ⅰ, 화학Ⅰ, 물리Ⅰ, 생활ㆍ교양교과 : 기술가정, 정보, 보건학, 환경, 심리학, 교육학, 실용 경제, 사회교과 : 사회문화, 생활과 윤리, 정치와 법"
조리과학과,진로선택과목,"생명과학Ⅱ, 화학Ⅱ, 융합과학, 생활과 과학, 농업생명과학, 가정과학"
조리과학과,전문교과Ⅰ,"생명과학실험, 물리/화학 실험, 융합과학 탐구, 과학 과제 연구"
조리과학과,전문교과Ⅱ,"식품과 영양, 식품위생, 급식관리, 식품과학, 식품분석"
생화학과,공통과목,"과학, 윤리, 교양, 수학"
생화학과,일반선택과목,"과학교과 : 생명과학Ⅰ, 화학Ⅰ, 사회교과 : 생활과 윤리, 사회문화, 윤리와 사상, 교양교과 : 보건학, 환경, 철학, 생활과 창의성, 인문학적 감성과 역사 이해"
생화학과,진로선택과목,"생명과학Ⅱ, 융합과학, 생활과 과학, 화학Ⅱ, 농업생명과학, 고전과 윤리"
생화학과,전문교과Ⅰ,"고급 생명과학, 생명과학 실험, 과학과제연구, 융합과학 탐구, 생태와 환경, 정보과학, 사회탐구 방법"
생화학과,전문교과Ⅱ,"생명공학 기술, 인간과 환경"
유전공학과,공통과목,"수학, 과학, 기술ㆍ가정"
유전공학과,일반선택과목,"수학교과 : 수학ⅠㆍⅡ, 미적분, 확률과 통계, 과학교과 : 물리학Ⅰ, 화학Ⅰ, 생명과학Ⅰ, 기술ㆍ가정교과 : 기술ㆍ가정, 정보"
유전공학과,진로선택과목,"기하, 수학과제 탐구, 물리학Ⅱ, 화학Ⅱ, 생명과학Ⅱ, 생활과 과학, 융합과학, 공학 일반"
유전공학과,전문교과Ⅰ,"심화수학ⅠㆍⅡ, 고급 수학ⅠㆍⅡ, 고급 물리학, 물리학 실험, 고급 생명과학, 생명과학 실험, 융합과학탐구, 과학과제연구, 생태와 환경"
유전공학과,전문교과Ⅱ,"공업 일반, 인간과 환경, 생명 공학 기술, 육종, 프로그래밍"
철도운전과,공통과목,"수학, 과학, 기술ㆍ가정"
철도운전과,일반선택과목,"수학교과 : 수학ⅠㆍⅡ, 미적분, 확률과 통계, 과학교과 : 물리학Ⅰ, 화학Ⅰ, 기술ㆍ가정교과 : 기술ㆍ가정, 정보"
철도운전과,진로선택과목,"기하, 수학과제 탐구, 물리학Ⅱ, 화학Ⅱ, 생활과 과학, 융합과학, 공학 일반"
철도운전과,전문교과Ⅰ,"심화수학ⅠㆍⅡ, 고급 수학ⅠㆍⅡ, 고급 물리학, 물리학 실험, 고급 화학, 화학 실험, 정보과학, 융합과학탐구, 과학과제연구"
철도운전과,전문교과Ⅱ,"전기 철도 시공, 전기 철도 시설물 유지 보수, 철도 신호 제어 시공, 철도 신호 제어 시설물 유지 보수, 프로그래밍"
철도전기제어과,공통과목,"수학, 과학, 기술ㆍ가정"
철도전기제어과,일반선택과목,"수학교과 : 수학ⅠㆍⅡ, 미적분, 확률과 통계, 과학교과 : 물리학Ⅰ, 화학Ⅰ, 기술ㆍ가정교과 : 기술ㆍ가정, 정보"
철도전기제어과,진로선택과목,"기하, 물리학Ⅱ, 화학Ⅱ, 공학일반"
철도전기제어과,전문교과Ⅰ,"심화수학ⅠㆍⅡ, 고급 수학ⅠㆍⅡ, 고급 물리학, 물리학 실험, 고급 화학, 화학 실험, 정보과학, 융합과학탐구, 과학과제연구"
철도전기제어과,전문교과Ⅱ,"공업 일반, 기계 제어 설계, 기계 소프트웨어 개발, 프로그래밍, 사물 인터넷 서비스 기획"
컴퓨터교육과,공통과목,"영어, 정보, 윤리"
컴퓨터교육과,일반선택과목,"기술ㆍ가정교과 : 정보, 사회교과 : 생활과 윤리, 윤리와 사상, 교양교과 : 철학, 심리학, 교육학"
컴퓨터교육과,진로선택과목,"공학일반, 창의경영, 지식재산 일반"
컴퓨터교육과,전문교과Ⅰ,사회과제 연구
컴퓨터교육과,전문교과Ⅱ,"컴퓨터 보안, 정보처리와 관리, 프로그래밍, 사무관리, 회계 정보처리 시스템"
관현악과,공통과목,"음악, 윤리"
관현악과,일반선택과목,"예술교과 : 음악, 사회교과 : 생활과 윤리, 윤리와 사상, 교양교과 : 철학, 심리학, 교육학"
관현악과,진로선택과목,"음악 연주, 음악 감상과 비평"
관현악과,전문교과Ⅰ,"음악이론, 음악사, 시창ㆍ청음, 음악 전공 실기"
관현악과,전문교과Ⅱ,음악 콘텐츠 제작 
피아노학과,공통과목,"음악, 윤리"
피아노학과,일반선택과목,"예술교과 : 음악, 사회교과 : 생활과 윤리, 윤리와 사상, 교양교과 : 철학, 심리학, 교육학"
피아노학과,진로선택과목,"음악 연주, 음악 감상과 비평"
피아노학과,전문교과Ⅰ,"음악이론, 음악사, 시창ㆍ청음, 음악 전공 실기"
피아노학과,전문교과Ⅱ,음악 콘텐츠 제작 
애니메이션과,공통과목,"미술, 윤리"
애니메이션과,일반선택과목,"예술교과 : 미술, 사회교과 : 생활과 윤리, 윤리와 사상, 교양교과 : 철학, 심리학, 교육학"
애니메이션과,진로선택과목,"미술 창작, 미술 감상과 비평"
애니메이션과,전문교과Ⅰ,"미술 이론, 미술사, 드로잉 미술 전공 실기"
애니메이션과,전문교과Ⅱ,"디자인 일반, 시각디자인, 색체 관리"
약학부,공통과목,"영어, 수학, 과학, 윤리"
약학부,일반선택과목,"영어교과 : 영어Ⅰ, 영어Ⅱ, 영어 독해와 작문, 수학교과 : 수학Ⅰ, 수학Ⅱ, 미적분, 확률과 통계, 과학교과 : 생명과학Ⅰ, 화학Ⅰ, 사회교과 : 생활과 윤리, 윤리와 사상, 교양교과 : 철학, 심리학"
약학부,진로선택과목,"생명과학Ⅱ, 화학Ⅱ, 융합과학"
약학부,전문교과Ⅰ,"고급 화학 및 고급 생명과학, 화학실험 및 생명과학 실험, 과학과제 연구"
약학부,전문교과Ⅱ,인체 구조와 기능
한약학과,공통과목,"영어, 수학, 과학, 윤리, 한문"
한약학과,일반선택과목,"영어교과 : 영어Ⅰ, 영어Ⅱ, 영어 독해와 작문, 수학교과 : 수학Ⅰ, 수학Ⅱ, 미적분, 확률과 통계, 과학교과 : 생명과학Ⅰ, 화학Ⅰ, 사회교과 : 생활과 윤리, 윤리와 사상, 한문교과 : 한문Ⅰ, 교양교과 : 철학, 심리학"
한약학과,진로선택과목,"생명과학Ⅱ, 화학Ⅱ. 한문Ⅱ"
한약학과,전문교과Ⅰ,"고급 화학 및 고급 생명과학, 화학실험 및 생명과학 실험, 과학과제 연구"
한약학과,전문교과Ⅱ,인체 구조와 기능
섬유디자인과,공통과목,"수학, 과학, 기술ㆍ가정"
섬유디자인과,일반선택과목,"수학교과 : 수학ⅠㆍⅡ, 미적분, 확률과 통계, 과학교과 : 물리학Ⅰ, 화학Ⅰ, 생명과학Ⅰ, 기술ㆍ가정교과 : 기술ㆍ가정, 정보"
섬유디자인과,진로선택과목,"기하, 물리학Ⅱ, 화학Ⅱ, 생명과학Ⅱ, 공학 일반"
섬유디자인과,전문교과Ⅰ,"심화수학ⅠㆍⅡ, 고급 수학ⅠㆍⅡ, 고급 물리학, 물리학 실험, 고급 화학, 화학 실험, 고급 생명과학, 생명과학 실험, 생태와 환경, 과학과제연구"
섬유디자인과,전문교과Ⅱ,"공업 일반, 화학 일반, 재료 일반, 석유화학 제품"
섬유디자인학과,공통과목,"미술, 윤리"
섬유디자인학과,일반선택과목,"예술교과 : 미술, 사회교과 : 생활과 윤리, 윤리와 사상, 교양교과 : 철학, 심리학, 교육학"
섬유디자인학과,진로선택과목,"미술 창작, 미술 감상과 비평"
섬유디자인학과,전문교과Ⅰ,"미술 이론, 미술사, 드로잉, 미술 전공 실기"
섬유디자인학과,전문교과Ⅱ,"디자인 일반, 시각 디자인, 색채 관리"
언어치료학과,공통과목,"국어, 사회, 기술ㆍ가정"
언어치료학과,일반선택과목,"국어교과 : 언어와 매체, 화법과 작문, 독서, 문학, 사회교과 : 사회문화, 생활과 윤리, 윤리와 사상, 세계사, 경제, 생활ㆍ교양교과 : 교육학, 심리학, 철학, 논리학, 논술, 정보"
언어치료학과,진로선택과목,"사회문제 탐구, 심화국어, 고전읽기, 고전과 윤리, 여행지리"
언어치료학과,전문교과Ⅰ,"문장론, 문학과 매체, 매체 미술, 정보과학"
언어치료학과,전문교과Ⅱ,"시각 디자인, 정보처리와 관리"
연예매니지먼트과,공통과목,"미술, 윤리"
연예매니지먼트과,일반선택과목,"예술교과 : 미술, 사회교과 : 생활과 윤리, 윤리와 사상, 교양교과 : 철학, 심리학, 교육학"
연예매니지먼트과,진로선택과목,"미술 창작, 미술 감상과 비평"
연예매니지먼트과,전문교과Ⅰ,"미술 이론, 미술사, 드로잉 미술 전공 실기"
연예매니지먼트과,전문교과Ⅱ,"디자인 일반, 시각디자인, 색체 관리"
국제문화정보학과,공통과목,"영어, 사회, 생활ㆍ교양"
국제문화정보학과,일반선택과목,"영어교과 : 영어 회화, 영어Ⅰ, 영어 독해와 작문, 영어Ⅱ, 사회교과 : 한국지리, 세계지리, 세계사, 동아시아사, 경제, 사회ㆍ문화, 생활과 윤리, 윤리와 사상, 생활ㆍ교양교과 : 제2외국어Ⅰ 과목, 철학, 논리학, 심리학, 종교학"
국제문화정보학과,진로선택과목,"여행지리, 사회문제 탐구, 제2외국어Ⅱ 과목"
국제문화정보학과,전문교과Ⅰ,"국제 정치, 국제 경제, 국제법, 지역 이해, 비교 문화, 세계 문제와 미래 사회, 국제 관계와 국제기구, 현대 세계의 변화, 사회 탐구 방법 및 사회과제 연구"
국제문화정보학과,전문교과Ⅱ,"커뮤니케이션, 비즈니스 영어"
무도학과,공통과목,"체육, 윤리"
무도학과,일반선택과목,"체육교과 : 체육, 운동과 건강, 사회교과 : 생활과 윤리, 윤리와 사상, 교양교과 : 철학, 심리학, 교육학"
무도학과,진로선택과목,"스포츠 생활, 체육 탐구"
무도학과,전문교과Ⅰ,"스포츠개론, 체육지도법, 체육 전공 실기 기초, 체육 전공 실기 심화, 체육 전공 실기 응용"
무도학과,전문교과Ⅱ,"인체 구조와 기능, 간호의 기초"
태권도과,공통과목,"체육, 윤리"
태권도과,일반선택과목,"체육교과 : 체육, 운동과 건강, 사회교과 : 생활과 윤리, 윤리와 사상, 교양교과 : 철학, 심리학, 교육학"
태권도과,진로선택과목,"스포츠 생활, 체육 탐구"
태권도과,전문교과Ⅰ,"스포츠 개론, 체육 지도법, 체육 전공 실기 기초, 체육 전공 실기 심화, 체육 전공 실기 응용"
태권도과,전문교과Ⅱ,"인체 구조와 기능, 간호의 기초"
이벤트연출과,공통과목,"미술, 윤리"
이벤트연출과,일반선택과목,"예술교과 : 미술, 사회교과 : 생활과 윤리, 윤리와 사상, 교양교과 : 철학, 심리학, 교육학"
이벤트연출과,진로선택과목,"미술 창작, 미술 감상과 비평"
이벤트연출과,전문교과Ⅰ,"미술 이론, 미술사, 드로잉 미술 전공 실기"
이벤트연출과,전문교과Ⅱ,"디자인 일반, 시각디자인, 색체 관리"
그래픽디자인과,공통과목,"미술, 윤리"
그래픽디자인과,일반선택과목,"예술교과 : 미술, 사회교과 : 생활과 윤리, 윤리와 사상, 교양교과 : 철학, 심리학, 교육학"
그래픽디자인과,진로선택과목,"미술 창작, 미술 감상과 비평"
그래픽디자인과,전문교과Ⅰ,"미술 이론, 미술사, 드로잉 미술 전공 실기"
그래픽디자인과,전문교과Ⅱ,"디자인 일반, 시각디자인, 색체 관리"
멀티미디어과,공통과목,"수학, 과학, 예술, 생활ㆍ교양, 사회, 국어"
멀티미디어과,일반선택과목,"수학ㆍ과학교과 : 수학ⅠㆍⅡ, 확률과 통계, 물리학Ⅰ, 지구과학Ⅰ, 예술ㆍ사회교과 : 미술, 연극, 음악, 사회문화, 생활과 윤리, 세계사, 경제, 생활ㆍ교양교과 : 정보, 심리학, 논술, 인문학적 감성과 역사이해, 문학적 감성과 상상력"
멀티미디어과,진로선택과목,"미술창작, 미술/음악 감상과 비평, 사회문제 탐구, 고전 읽기, 융합 과학, 지식재산 일반, 창의 경영, 기하, 수학탐구 과제"
멀티미디어과,전문교과Ⅰ,"매체미술, 드로잉, 사진표현기법, 문학과 매체, 사회과제 연구, 영화 기술, 시나리오, 현대 세계의 변화"
멀티미디어과,전문교과Ⅱ,"미디어콘텐츠일반, 문화콘텐츠산업일반, 영상제작기초, 컴퓨터그래픽, 프로그래밍, 디지털 논리 회로, 디지털 이미지 재현"
멀티미디어학과,공통과목,"수학, 과학, 예술, 생활ㆍ교양, 사회, 국어"
멀티미디어학과,일반선택과목,"수학ㆍ과학교과 : 수학Ⅰ, 수학Ⅱ, 확률과 통계, 물리학Ⅰ, 지구과학Ⅰ, 예술ㆍ사회교과 : 미술, 연극, 음악, 사회문화, 생활과 윤리, 세계사, 경제, 생활ㆍ교양교과 : 정보, 심리학, 논술, 인문학적 감성과 역사이해, 문학적 감성과 상상력"
멀티미디어학과,진로선택과목,"미술창작, 미술/음악 감상과 비평, 사회문제 탐구, 고전 읽기, 융합 과학, 지식재산 일반, 창의 경영, 기하, 수학탐구 과제"
멀티미디어학과,전문교과Ⅰ,"매체미술, 드로잉, 사진표현기법, 문학과 매체, 사회과제 연구, 영화 기술, 시나리오, 현대 세계의 변화"
멀티미디어학과,전문교과Ⅱ,"미디어콘텐츠일반, 문화콘텐츠산업일반, 영상제작기초, 컴퓨터그래픽, 프로그래밍, 디지털 논리 회로, 디지털 이미지 재현"
영상콘텐츠과,공통과목,"미술, 윤리"
영상콘텐츠과,일반선택과목,"예술교과 : 미술, 사회교과 : 생활과 윤리, 윤리와 사상, 교양교과 : 철학, 심리학, 교육학"
영상콘텐츠과,진로선택과목,"미술 창작, 미술 감상과 비평"
영상콘텐츠과,전문교과Ⅰ,"미술 이론, 미술사, 드로잉 미술 전공 실기"
영상콘텐츠과,전문교과Ⅱ,"디자인 일반, 시각디자인, 색체 관리"
경영정보과,공통과목,"영어, 사회, 생활ㆍ교양"
경영정보과,일반선택과목,"영어교과 : 영어 회화, 영어I, 영어Ⅱ, 사회교과 : 한국지리, 세계지리, 경제, 사회ㆍ문화, 생활과 윤리, 생활ㆍ교양교과 : 심리학, 교육학, 실용 경제"
경영정보과,진로선택과목,"실용 수학, 실용 영어, 진로 영어, 사회문제 탐구, 창의 경영, 지식 재산 일반"
경영정보과,전문교과Ⅰ,"정보과학, 국제 경제, 지역 이해, 세계 문제와 미래 사회, 사회 탐구 방법 및 사회과제 연구"
경영정보과,전문교과Ⅱ,"기업과 경영, 커뮤니케이션, 정보통신, 빅데이터 분석"
음악교육과,공통과목,"음악, 윤리"
음악교육과,일반선택과목,"예술교과 : 음악, 사회교과 : 생활과 윤리, 윤리와 사상, 교양교과 : 철학, 심리학, 교육학"
음악교육과,진로선택과목,"음악 연주, 음악 감상과 비평"
음악교육과,전문교과Ⅰ,"음악 이론, 음악사, 시창ㆍ청음, 음악 전공 실기"
음악교육과,전문교과Ⅱ,음악 콘텐츠 제작
의료보장구과,공통과목,"영어, 과학"
의료보장구과,일반선택과목,"영어교과 : 영어Ⅰ, 영어Ⅱ, 영어 독해와 작문, 과학교과 : 화학Ⅰ, 생명과학Ⅰ"
의료보장구과,진로선택과목,"화학Ⅱ, 생명과학Ⅱ"
의료보장구과,전문교과Ⅰ,"고급 화학, 화학 실험, 고급 생명과학, 생명과학 실험, 과학 과제 연구"
의료보장구과,전문교과Ⅱ,"인체 구조와 기능, 기초 간호 임상 실무, 보건 간호"
의료정보공학과,공통과목,"영어, 수학, 과학, 기술가정"
의료정보공학과,일반선택과목,"영어교과 : 영어Ⅰ, 영어Ⅱ, 영어 독해와 작문, 수학교과 : 수학Ⅰ, 수학Ⅱ,, 미적분, 확률과 통계, 과학교과 : 화학Ⅰ, 생명과학Ⅰ, 기술ㆍ가정교과 : 정보"
의료정보공학과,진로선택과목,"화학Ⅱ, 생명과학Ⅱ, 지식 재산 일반"
의료정보공학과,전문교과Ⅰ,"정보 과학, 과학 과제 연구"
의료정보공학과,전문교과Ⅱ,"빅데이터 분석, 정보 보호 관리, 정보 처리와 관리"
의료정보시스템과,공통과목,"영어, 수학, 과학, 기술가정"
의료정보시스템과,일반선택과목,"영어교과 : 영어Ⅰ, 영어Ⅱ, 영어 독해와 작문, 수학교과 : 수학Ⅰ, 수학Ⅱ, 미적분, 확률과 통계, 과학교과 : 화학Ⅰ, 생명과학Ⅰ, 기술ㆍ가정교과 : 정보"
의료정보시스템과,진로선택과목,"화학Ⅱ, 생명과학Ⅱ, 지식 재산 일반"
의료정보시스템과,전문교과Ⅰ,"정보 과학, 과학 과제 연구"
의료정보시스템과,전문교과Ⅱ,"빅데이터 분석, 정보 보호 관리, 정보 처리와 관리"
우주과학과,공통과목,"수학, 과학, 기술가정"
우주과학과,일반선택과목,"수학교과 : 수학Ⅰ,Ⅱ, 미적분, 확률과 통계, 과학교과 : 물리학Ⅰ, 화학Ⅰ, 지구과학Ⅰ, 기술ㆍ가정교과 : 기술가정, 정보"
우주과학과,진로선택과목,"기하, 수학과제 탐구, 물리학Ⅱ, 화학Ⅱ, 지구과학Ⅱ, 생활과 과학, 융합과학, 공학일반"
우주과학과,전문교과Ⅰ,"심화 수학Ⅰ,Ⅱ, 고급 수학Ⅰ,Ⅱ, 고급 물리학, 물리학 실험, 고급 화학, 화학 실험, 고급 지구과학, 지구과학 실험, 정보과학, 융합과학탐구, 과학과제연구"
우주과학과,전문교과Ⅱ,"공업 일반, 기계 일반, 기계 제도, 항공기 일반, 항공기 실무 기초, 항공기 기체 제작, 프로그래밍, 자료구조"
영어교육과,공통과목,"영어, 사회, 윤리"
영어교육과,일반선택과목,"영어교과 : 영어 회화, 영어Ⅰ, 영어 독해와 작문, 영어Ⅱ, 사회교과 : 생활과 윤리, 윤리와 사상, 교양교과 : 철학, 심리학, 교육학"
영어교육과,진로선택과목,"실용 영어, 영어권 문화, 진로 영어, 영미 문학 읽기"
영어교육과,전문교과Ⅰ,비교 문화
영어교육과,전문교과Ⅱ,복지 서비스의 기초
철학과,공통과목,"사회, 교양, 과학, 한문, 제2외국어"
철학과,일반선택과목,"사회교과 : 윤리와 사상, 생활과 윤리, 사회문화, 세계사, 교양교과 : 철학, 논리학, 심리학, 종교학, 환경, 교육학, 논술, 과학교과 : 물리Ⅰ, 화학Ⅰ, 생명과학Ⅰ, 지구과학Ⅰ"
철학과,진로선택과목,"사회문제 탐구, 과전과 윤리, 생활과 과학, 융합 과학, 고전읽기"
철학과,전문교과Ⅰ,"사회과제 연구, 사회탐구 방법, 현대세계의 변화, 비교 문화, 세계 문제와 미래 사회"
미디어출판과,공통과목,"수학, 과학, 예술, 생활ㆍ교양, 사회, 국어"
미디어출판과,일반선택과목,"수학ㆍ과학교과 : 수학ⅠㆍⅡ, 확률과 통계, 물리학Ⅰ, 지구과학Ⅰ, 예술ㆍ사회교과 : 미술, 연극, 음악, 사회문화, 생활과 윤리, 세계사, 경제, 생활ㆍ교양교과 : 정보, 심리학, 논술, 인문학적 감성과 역사이해, 문학적 감성과 상상력"
미디어출판과,진로선택과목,"미술창작, 미술/음악 감상과 비평, 사회문제 탐구, 고전 읽기, 융합 과학, 지식재산 일반, 창의 경영, 기하, 수학탐구 과제"
미디어출판과,전문교과Ⅰ,"매체미술, 드로잉, 사진표현기법, 문학과 매체, 사회과제 연구, 영화 기술, 시나리오, 현대 세계의 변화"
미디어출판과,전문교과Ⅱ,"미디어콘텐츠일반, 문화콘텐츠산업일반, 영상제작기초, 컴퓨터그래픽, 프로그애밍, 디지털 논리 회로, 디지털 이미지 재현"
환경디자인과,공통과목,"미술, 윤리"
환경디자인과,일반선택과목,"예술교과 : 미술, 사회교과 : 생활과 윤리, 윤리와 사상, 교양교과 : 철학, 심리학, 교육학"
환경디자인과,진로선택과목,"미술 창작, 미술 감상과 비평"
환경디자인과,전문교과Ⅰ,"미술 이론, 미술사, 드로잉 미술 전공 실기"
환경디자인과,전문교과Ⅱ,"디자인 일반, 시각디자인, 색체 관리"
환경디자인학과,공통과목,"미술, 윤리"
환경디자인학과,일반선택과목,"예술교과 : 미술, 사회교과 : 생활과 윤리, 윤리와 사상, 교양교과 : 철학, 심리학, 교육학"
환경디자인학과,진로선택과목,"미술 창작, 미술 감상과 비평"
환경디자인학과,전문교과Ⅰ,"미술 이론, 미술사, 드로잉, 미술 전공 실기"
환경디자인학과,전문교과Ⅱ,"디자인 일반, 시각 디자인, 색채 관리"
의예과,공통과목,"영어, 수학, 과학, 윤리"
의예과,일반선택과목,"영어교과 : 영어Ⅰ, 영어Ⅱ, 영어 독해와 작문, 수학교과 : 수학Ⅰ, 수학Ⅱ, 미적분, 확률과 통계, 과학교과 : 생명과학Ⅰ, 화학Ⅰ, 사회교과 : 생활과 윤리, 윤리와 사상, 교양교과 : 철학, 심리학"
의예과,진로선택과목,"생명과학Ⅱ, 화학Ⅱ, 융합과학"
의예과,전문교과Ⅰ,"고급 화학 및 고급 생명과학, 화학실험 및 생명과학 실험, 과학과제 연구"
의예과,전문교과Ⅱ,인체 구조와 기능
임상병리과,공통과목,"영어, 과학"
임상병리과,일반선택과목,"영어교과 : 영어Ⅰ, 영어Ⅱ, 영어 독해와 작문, 과학교과 : 화학Ⅰ, 생명과학Ⅰ, 교양교과 : 심리학"
임상병리과,진로선택과목,"화학Ⅱ, 생명과학Ⅱ"
임상병리과,전문교과Ⅰ,"고급화학, 화학 실험, 고급 생명과학, 생명과학 실험, 과학과제 연구"
임상병리과,전문교과Ⅱ,"인체 구조와 기능, 기초 간호 임상 실무, 보건 간호"
임상병리학과,공통과목,"영어, 과학"
임상병리학과,일반선택과목,"영어교과 : 영어Ⅰ, 영어Ⅱ, 영어 독해와 작문, 과학교과 : 화학Ⅰ, 생명과학Ⅰ, 교양교과 : 심리학"
임상병리학과,진로선택과목,"화학Ⅱ, 생명과학Ⅱ"
임상병리학과,전문교과Ⅰ,"고급 화학, 화학 실험, 고급 생명과학, 생명과학 실험, 과학과제 연구"
임상병리학과,전문교과Ⅱ,"인체 구조와 기능, 기초 간호 임상 실무, 보건 간호"
자동차정비과,공통과목,"수학, 과학, 기술ㆍ가정"
자동차정비과,일반선택과목,"수학교과 : 수학ⅠㆍⅡ, 미적분, 확률과 통계, 과학교과 : 물리학Ⅰ, 화학Ⅰ, 기술ㆍ가정교과 : 기술ㆍ가정, 정보"
자동차정비과,진로선택과목,"기하, 수학과제 탐구, 물리학Ⅱ, 화학Ⅱ, 생활과 과학, 융합과학, 공학일반"
자동차정비과,전문교과Ⅰ,"심화수학ⅠㆍⅡ, 고급 수학ⅠㆍⅡ, 고급 물리학, 물리학 실험, 고급 화학, 화학 실험, 정보과학, 과학과제연구"
자동차정비과,전문교과Ⅱ,"기계 제도, 자동차 일반, 자동차 기관, 자동차 전기ㆍ전자 제어, 자동차 엔진 정비, 자동차 차체 정비"
전기제어공학과,공통과목,"수학, 과학, 기술ㆍ가정"
전기제어공학과,일반선택과목,"수학교과 : 수학ⅠㆍⅡ, 미적분, 확률과 통계, 과학교과 : 물리학Ⅰ, 화학Ⅰ, 기술ㆍ가정교과 : 기술ㆍ가정, 정보"
전기제어공학과,진로선택과목,"기하, 물리학Ⅱ, 화학Ⅱ, 공학 일반"
전기제어공학과,전문교과Ⅰ,"심화수학ⅠㆍⅡ, 고급 수학ⅠㆍⅡ, 고급 물리학, 물리학 실험, 고급 화학, 화학 실험, 정보과학, 융합과학탐구, 과학과제연구"
전기제어공학과,전문교과Ⅱ,"공업 일반, 기계 제어 설계, 기계 소프트웨어 개발, 프로그래밍, 사물 인터넷 서비스 기획"
가정교육과,공통과목,"영어, 기술ㆍ가정, 윤리"
가정교육과,일반선택과목,"기술ㆍ가정교과 : 기술ㆍ가정, 사회교과 : 생활과 윤리, 윤리와 사상, 교양교과 : 철학, 심리학, 교육학"
가정교육과,진로선택과목,"공학일반, 창의경영, 해양 문화와 기술, 가정과학, 지식재산 일반"
가정교육과,전문교과Ⅰ,사회과제 연구
가정교육과,전문교과Ⅱ,"기초제도, 식품과학, 식품위생 "
지리학과,공통과목,"사회, 생활ㆍ교양"
지리학과,일반선택과목,"사회교과 : 한국지리, 세계지리, 사회문화, 생활과 윤리, 생활ㆍ교양교과 : 심리학, 환경"
지리학과,진로선택과목,"여행지리, 사회문제 탐구"
지리학과,전문교과Ⅰ,"지역 이해, 세계 문제와 미래 사회, 현대 세계의 변화, 사회 탐구 방법 및 사회과제 연구"
지리학과,전문교과Ⅱ,"공간정보융합서비스, 빅데이터 분석, 인간과 환경, 환경 보전, 해양 환경과 자원"
지질학과,공통과목,"과학, 사회, 교양, 수학"
지질학과,일반선택과목,"과학교과 : 지구과학Ⅰ, 물리Ⅰ, 화학Ⅰ, 생명과학Ⅰ, 사회교과 : 사회문화, 한국지리, 세계지리, 생활과 윤리, 교양ㆍ수학교과 : 환경, 보건학, 논술, 수학Ⅰ, 수학Ⅱ, 미적분, 확률과 통계"
지질학과,진로선택과목,"지구과학Ⅱ, 융합과학, 생활과 과학, 과학사, 기하, 공학 일반, 사회문제탐구"
지질학과,전문교과Ⅰ,"고급 지구과학, 지구과학 실험, 과학과제 연구, 융합과학 탐구, 정보과학, 생태와 환경"
지질학과,전문교과Ⅱ,"인간과 환경, 환경 측정 관리"
장례지도과,공통과목,"사회, 생활ㆍ교양"
장례지도과,일반선택과목,"사회교과 : 사회ㆍ문화, 생활과 윤리, 윤리와 사상, 생활ㆍ교양교과 : 철학, 논리학, 심리학, 교육학"
장례지도과,진로선택과목,사회문제 탐구
장례지도과,전문교과Ⅰ,"지역 이해, 세계 문제와 미래 사회, 현대 세계의 변화, 사회 탐구 방법 및 사회과제 연구"
장례지도과,전문교과Ⅱ,"사무 행정, 인간 발달, 아동 복지, 복지 서비스의 기초, 대인 복지 서비스"
환경화학과,공통과목,"수학, 과학, 기술ㆍ가정"
환경화학과,일반선택과목,"수학교과 : 수학Ⅰ, 수학Ⅱ, 미적분, 확률과 통계, 과학교과 : 물리학Ⅰ, 화학Ⅰ, 기술ㆍ가정교과 : 기술ㆍ가정, 정보"
환경화학과,진로선택과목,"기하, 물리학Ⅱ, 화학Ⅱ, 공학 일반"
환경화학과,전문교과Ⅰ,"심화수학ⅠㆍⅡ, 고급 수학ⅠㆍⅡ, 고급 물리학, 물리학 실험, 고급 화학, 화학 실험, 정보과학, 과학과제연구"
환경화학과,전문교과Ⅱ,"공업일반, 공업 화학, 제조 화학, 화학 분석, 석유 화학 제품"
문헌정보과,공통과목,"국어, 수학, 생활ㆍ교양, 영어"
문헌정보과,일반선택과목,"국어교과 : 언어와 매체, 독서, 문학, 화법과 작문, 수학교과 : 확률과 통계, 수학Ⅰ, 수학Ⅱ, 생활ㆍ교양교과 : 정보, 영어Ⅰ, 철학, 교육학, 심리학, 종교학, 논리학"
문헌정보과,진로선택과목,"실용 국어, 심화 국어, 고전 읽기, 사회문제 탐구, 기하, 수학과제 탐구"
문헌정보과,전문교과Ⅰ,"사회탐구 방법, 사회과제 연구, 문학과 매체, 정보과학"
문헌정보과,전문교과Ⅱ,정보처리와 관리
전통조리과,공통과목,"과학, 생활ㆍ교양, 사회"
전통조리과,일반선택과목,"과학교과 : 생명과학Ⅰ, 화학Ⅰ, 물리Ⅰ, 생활ㆍ교양교과 : 기술가정, 정보, 보건학, 환경, 심리학, 교육학, 실용경제, 사회교과 : 사회문화, 생활과 윤리, 정치와 법"
전통조리과,진로선택과목,"생명과학Ⅱ, 화학Ⅱ, 융합과학, 생활과 과학, 농업생명과학, 가정과학"
전통조리과,전문교과Ⅰ,"생명과학실험, 물리/화학 실험, 융합과학 탐구, 과학과제 연구"
전통조리과,전문교과Ⅱ,"식품과 영양, 식품위생, 급식관리, 식품과학, 식품분석"
호텔외식경영과,공통과목,"수학, 사회, 기술ㆍ가정, 생활ㆍ교양"
호텔외식경영과,일반선택과목,"수학교과 : 수학I, Ⅱ, 미적분, 확률과 통계, 사회교과 : 경제, 생활과 윤리, 기술ㆍ가정교과 : 정보, 생활ㆍ교양교과 : 실용 경제"
호텔외식경영과,진로선택과목,"실용 수학, 기하, 경제 수학, 수학 과제 탐구, 사회문제 탐구, 창의 경영, 지식 재산 일반"
호텔외식경영과,전문교과Ⅰ,"심화 수학I, 정보과학, 국제 경제, 세계 문제와 미래 사회, 사회 탐구 방법 및 사회과제 연구"
호텔외식경영과,전문교과Ⅱ,"기업과 경영, 회계 정보 처리 시스템, 금융 일반, 마케팅과 광고, 창업 일반, 커뮤니케이션, 유통 관리"
정보보호학과,공통과목,"수학, 사회, 과학, 기술ㆍ가정"
정보보호학과,일반선택과목,"수학교과 : 수학Ⅰ, 수학Ⅱ, 미적분, 확률과 통계, 사회교과 : 한국지리, 세계지리, 경제, 사회문화, 생활과 윤리, 과학교과 : 물리학Ⅰ, 화학Ⅰ, 기술ㆍ가정교과 : 기술ㆍ가정, 정보"
정보보호학과,진로선택과목,"실용 수학, 기하, 수학과제 탐구, 물리학Ⅱ, 화학Ⅱ, 생활과 과학, 융합과학, 공학 일반, 사회문제 탐구"
정보보호학과,전문교과Ⅰ,"심화수학ⅠㆍⅡ, 고급 수학ⅠㆍⅡ, 고급 물리학, 물리학 실험, 고급 화학, 화학 실험, 정보과학, 융합과학탐구, 과학과제연구, 생태와 환경, 지역 이해, 사회과제 연구"
정보보호학과,전문교과Ⅱ,"정보처리와 관리, 프로그래밍, 자료구조, 네트워크 프로그래밍, 정보보호관리"
컴퓨터보안과,공통과목,"수학, 사회, 과학, 기술ㆍ가정"
컴퓨터보안과,일반선택과목,"수학교과 : 수학ⅠㆍⅡ, 미적분, 확률과 통계, 사회교과 : 한국지리, 세계지리, 경제, 사회문화, 생활과 윤리 , 과학교과 : 물리학Ⅰ, 화학Ⅰ, 기술ㆍ가정교과 : 기술ㆍ가정, 정보"
컴퓨터보안과,진로선택과목,"실용수학, 기하, 수학과제 탐구, 물리학Ⅱ, 화학Ⅱ, 생활과 과학, 융합과학, 공학 일반, 사회문제 탐구"
컴퓨터보안과,전문교과Ⅰ,"심화수학ⅠㆍⅡ, 고급 수학ⅠㆍⅡ, 고급 물리학, 물리학 실험, 고급 화학, 화학 실험, 정보과학, 융합과학탐구, 과학과제 연구, 생태와 환경, 지역 이해, 사회과제 연구"
컴퓨터보안과,전문교과Ⅱ,"정보처리와 관리, 프로그래밍, 자료구조, 네트워크 프로그래밍, 정보보호 관리"
제과제빵과,공통과목,"과학, 생활ㆍ교양, 사회"
제과제빵과,일반선택과목,"과학교과 : 생명과학Ⅰ, 화학Ⅰ, 물리Ⅰ, 생활ㆍ교양교과 : 기술가정, 정보, 보건학, 환경, 심리학, 교육학, 실용경제, 사회교과 : 사회문화, 생활과 윤리, 정치와 법"
제과제빵과,진로선택과목,"생명과학Ⅱ, 화학Ⅱ, 융합과학, 생활과 과학, 농업생명과학, 가정과학"
제과제빵과,전문교과Ⅰ,"생명과학실험, 물리/화학 실험, 융합과학 탐구, 과학과제 연구"
제과제빵과,전문교과Ⅱ,"식품과 영양, 식품위생, 급식관리, 식품과학, 식품분석"
호텔조리과,공통과목,"과학, 생활ㆍ교양, 사회"
호텔조리과,일반선택과목,"과학교과 : 생명과학Ⅰ, 화학Ⅰ, 물리Ⅰ, 생활ㆍ교양교과 : 기술가정, 정보, 보건학, 환경, 심리학, 교육학, 실용경제, 사회교과 : 사회문화, 생활과 윤리, 정치와 법"
호텔조리과,진로선택과목,"생명과학Ⅱ, 화학Ⅱ, 융합과학, 생활과 과학, 농업생명과학, 가정과학"
호텔조리과,전문교과Ⅰ,"생명과학실험, 물리/화학 실험, 융합과학 탐구, 과학과제 연구"
호텔조리과,전문교과Ⅱ,"식품과 영양, 식품위생, 급식관리, 식품과학, 식품분석"
제품디자인과,공통과목,"미술, 윤리"
제품디자인과,일반선택과목,"예술교과 : 미술, 사회교과 : 생활과 윤리, 윤리와 사상, 교양교과 : 철학, 심리학, 교육학"
제품디자인과,진로선택과목,"미술 창작, 미술 감상과 비평"
제품디자인과,전문교과Ⅰ,"미술 이론, 미술사, 드로잉 미술 전공 실기"
제품디자인과,전문교과Ⅱ,"디자인 일반, 시각디자인, 색체 관리"
조소학과,공통과목,"미술, 윤리"
조소학과,일반선택과목,"예술교과 : 미술, 사회교과 : 생활과 윤리, 윤리와 사상, 교양교과 : 철학, 심리학, 교육학"
조소학과,진로선택과목,"미술 창작, 미술 감상과 비평"
조소학과,전문교과Ⅰ,"미술 이론, 미술사, 드로잉 미술 전공 실기"
조소학과,전문교과Ⅱ,"디자인 일반, 시각디자인, 색체 관리"
환경조각학과,공통과목,"미술, 윤리"
환경조각학과,일반선택과목,"예술교과 : 미술, 사회교과 : 생활과 윤리, 윤리와 사상, 교양교과 : 철학, 심리학, 교육학"
환경조각학과,진로선택과목,"미술 창작, 미술 감상과 비평"
환경조각학과,전문교과Ⅰ,"미술 이론, 미술사, 드로잉 미술 전공 실기"
환경조각학과,전문교과Ⅱ,"디자인 일반, 시각디자인, 색체 관리"
조경과,공통과목,"과학, 사회, 교양, 수학, 미술"
조경과,일반선택과목,"과학교과 : 지구과학Ⅰ, 생명과학Ⅰ, 물리Ⅰ, 화학Ⅰ, 사회교과 : 사회문화, 한국지리, 생활과 윤리, 교양교과 : 환경, 철학, 논리학, 심리학, 인문학적 감성과 역사 이해"
조경과,진로선택과목,"생활과 창의성, 생활과 과학, 사회문제 탐구, 공학 일반, 여행지리, 지구과학Ⅱ, 생명과학Ⅱ, 생활 속의 수학적 사고, 가정과학, 농업생명과학"
조경과,전문교과Ⅰ,"고급 지구과학, 지구과학 실험, 과학과제 연구, 융합과학 탐구, 정보과학"
조경과,전문교과Ⅱ,"인간과 환경, 조경, 조경식물 관리"
조경학과,공통과목,"과학, 사회, 교양, 수학, 미술"
조경학과,일반선택과목,"과학교과 : 지구과학Ⅰ, 생명과학Ⅰ, 물리Ⅰ, 화학Ⅰ, 사회교과 : 사회문화, 한국지리, 생활과 윤리, 교양교과 : 환경, 철학, 논리학, 심리학, 인문학적 감성과 역사 이해"
조경학과,진로선택과목,"생활과 창의성, 생활과 과학, 사회문제 탐구, 공학 일반, 여행 지리, 지구과학Ⅱ, 생명과학Ⅱ, 생활 속의 수학적 사고, 가정과학, 농업생명과학"
조경학과,전문교과Ⅰ,"고급 지구과학, 지구과학 실험, 과학과제 연구, 융합과학 탐구, 정보과학"
조경학과,전문교과Ⅱ,"조경, 조경식물 관리, 인간과 환경, "
외식조리과,공통과목,"과학, 생활ㆍ교양, 사회"
외식조리과,일반선택과목,"과학교과 : 생명과학Ⅰ, 화학Ⅰ, 물리Ⅰ, 생활ㆍ교양교과 : 기술가정, 정보, 보건학, 환경, 심리학, 교육학, 실용경제, 사회교과 : 사회문화, 생활과 윤리, 정치와 법"
외식조리과,진로선택과목,"생명과학Ⅱ, 화학Ⅱ, 융합과학, 생활과 과학, 농업생명과학, 가정과학"
외식조리과,전문교과Ⅰ,"생명과학실험, 물리/화학 실험, 융합과학 탐구, 과학과제 연구"
외식조리과,전문교과Ⅱ,"식품과 영양, 식품위생, 급식관리, 식품과학, 식품분석"
산림자원학과,공통과목,"과학, 교양, 사회, 영어"
산림자원학과,일반선택과목,"과학교과 : 생명과학Ⅰ, 화학Ⅰ, 지구과학Ⅰ, 물리Ⅰ, 교양교과 : 환경, 보건학, 논술, 철학, 생활과 창의성, 진로와 직업, 실용경제 , 사회교과 : 한국지리, 세계지리, 경제, 생활과 윤리"
산림자원학과,진로선택과목,"생명과학Ⅱ, 융합과학, 생활과 과학, 화학Ⅱ, 농업생명과학, 공학일반, 창의경영, 여행 지리, 실용수학"
산림자원학과,전문교과Ⅰ,"고급 생명과학, 생명과학 실험, 물리화학 실험, 융합과학 탐구, 과학과제 연구, 생태와 환경"
산림자원학과,전문교과Ⅱ,"산림 자원, 산림 휴양, 인간과 환경, 환경화학 기초"
조선공학과,공통과목,"수학, 과학, 기술ㆍ가정"
조선공학과,일반선택과목,"수학교과 : 수학ⅠㆍⅡ, 미적분, 확률과 통계, 과학교과 : 물리학Ⅰ, 화학Ⅰ, 지구과학Ⅰ, 기술ㆍ가정교과 : 기술ㆍ가정, 정보"
조선공학과,진로선택과목,"기하, 수학과제 탐구, "
조선공학과,전문교과Ⅰ,"심화수학ⅠㆍⅡ, 고급 수학ⅠㆍⅡ, 고급 물리학, 물리학 실험, 고급 화학, 화학 실험, 고급 지구과학, 지구과학 실험,, 정보과학, 융합과학탐구, 과학과제연구"
조선공학과,전문교과Ⅱ,"기계 제도, 기초 제도, 선박 구조, 선박 건조, 해양의 이해, 해양 정보 관리"
지구정보공학과,공통과목,"과학, 교양, 사회, 수학"
지구정보공학과,일반선택과목,"과학교과 : 지구과학Ⅰ, 물리Ⅰ, 화학Ⅰ, 생명과학Ⅰ, 사회교과 : 사회문화, 한국지리, 생활과 윤리, 교양교과 : 환경, 보건학, 논술"
지구정보공학과,진로선택과목,"지구과학Ⅱ, 융합과학, 생활과 과학, 과학사, 기하, 공학 일반, 사회문제 탐구"
지구정보공학과,전문교과Ⅰ,"고급 지구과학, 지구과학 실험, 과학과제 연구, 융합과학 탐구, 정보과학, 생태와 환경"
지구정보공학과,전문교과Ⅱ,인간과 환경
군사학과,공통과목,"사회, 생활ㆍ교양"
군사학과,일반선택과목,"사회교과 : 한국지리, 세계지리, 경제, 생활과 윤리, 생활ㆍ교양교과 : 논리학, 심리학, 교육학"
군사학과,진로선택과목,사회문제 탐구
군사학과,전문교과Ⅰ,"지역 이해, 세계 문제와 미래 사회, 사회 탐구 방법 및 사회과제 연구, 정보과학"
군사학과,전문교과Ⅱ,"커뮤니케이션, 정보 보호 관리, 빅데이터 분석, 정보 보호 관리"
부사관과,공통과목,"사회, 생활ㆍ교양"
부사관과,일반선택과목,"사회교과 : 한국지리, 세계지리, 경제, 생활과 윤리, 생활ㆍ교양교과 : 논리학, 심리학, 교육학"
부사관과,진로선택과목,사회문제 탐구
부사관과,전문교과Ⅰ,"지역 이해, 세계 문제와 미래 사회, 사회 탐구 방법 및 사회과제 연구, 정보과학"
부사관과,전문교과Ⅱ,"커뮤니케이션, 정보 보호 관리, 빅데이터 분석"
기술교육과,공통과목,"영어, 기술ㆍ가정, 윤리"
기술교육과,일반선택과목,"기술ㆍ가정교과 : 기술ㆍ가정, 사회교과 : 생활과 윤리, 윤리와 사상, 교양교과 : 철학, 심리학, 교육학"
기술교육과,진로선택과목,"공학일반, 창의경영, 해양 문화와 기술, 가정과학, 지식재산 일반"
기술교육과,전문교과Ⅰ,사회과제 연구
기술교육과,전문교과Ⅱ,"기초제도, 식품과학, 식품위생 "
전기ㆍ전자ㆍ통신공학교육과,공통과목,"수학, 과학, 기술ㆍ가정"
전기ㆍ전자ㆍ통신공학교육과,일반선택과목,"수학교과 : 수학ⅠㆍⅡ, 미적분, 확률과 통계, 과학교과 : 물리학Ⅰ, 화학Ⅰ, 기술ㆍ가정교과 : 기술ㆍ가정, 정보"
전기ㆍ전자ㆍ통신공학교육과,진로선택과목,"기하, 수학과제 탐구, 물리학Ⅱ, 화학Ⅱ, 생활과 과학, 융합과학, 공학 일반"
전기ㆍ전자ㆍ통신공학교육과,전문교과Ⅰ,"심화 수학ⅠㆍⅡ, 고급 수학ⅠㆍⅡ, 고급 물리학, 물리학 실험, 고급 화학, 화학 실험, 정보과학, 융합과학 탐구, 과학과제 연구"
전기ㆍ전자ㆍ통신공학교육과,전문교과Ⅱ,"전기 회로, 전기 기기, 전기 설비, 자동화 설비"
철도교통과,공통과목,"수학, 과학, 기술ㆍ가정"
철도교통과,일반선택과목,"수학교과 : 수학ⅠㆍⅡ, 미적분, 확률과 통계, 과학교과 : 물리학Ⅰ, 화학Ⅰ, 기술ㆍ가정교과 : 기술ㆍ가정, 정보"
철도교통과,진로선택과목,"기하, 수학과제 탐구, 물리학Ⅱ, 화학Ⅱ, 생활과 과학, 융합과학, 공학 일반"
철도교통과,전문교과Ⅰ,"심화수학ⅠㆍⅡ, 고급 수학ⅠㆍⅡ, 고급 물리학, 물리학 실험, 고급 화학, 화학 실험, 정보과학, 융합과학탐구, 과학과제연구"
철도교통과,전문교과Ⅱ,"전기 철도 시공, 전기 철도 시설물 유지 보수, 철도 신호 제어 시공, 철도 신호 제어 시설물 유지 보수, 프로그래밍"
지적과,공통과목,"과학, 사회, 교양, 수학"
지적과,일반선택과목,"과학교과 : 지구과학Ⅰ, 물리Ⅰ, 화학Ⅰ, 생명과학Ⅰ, 사회교과 : 사회문화, 한국지리, 세계지리, 생활과 윤리, 교양ㆍ수학교과 : 환경, 보건학, 논술, 수학Ⅰ, 수학Ⅱ, 미적분, 확률과 통계"
지적과,진로선택과목,"지구과학Ⅱ, 융합과학, 생활과 과학, 과학사, 기하, 공학 일반, 사회문제 탐구"
지적과,전문교과Ⅰ,"고급 지구과학, 지구과학 실험, 과학과제 연구, 융합과학 탐구, 정보과학, 생태와 환경"
지적과,전문교과Ⅱ,"인간과 환경, 환경 측정 관리"
지적학과,공통과목,"과학, 사회, 교양, 수학"
지적학과,일반선택과목,"과학교과 : 지구과학Ⅰ, 물리Ⅰ, 화학Ⅰ, 생명과학Ⅰ, 사회교과 : 사회문화, 한국지리, 세계지리, 생활과 윤리, 교양ㆍ수학교과 : 환경, 보건학, 논술, 수학Ⅰ, 수학Ⅱ, 미적분, 확률과 통계"
지적학과,진로선택과목,"지구과학Ⅱ, 융합과학, 생활과 과학, 과학사, 기하, 공학 일반, 사회문제탐구"
지적학과,전문교과Ⅰ,"고급 지구과학, 지구과학 실험, 과학과제 연구, 융합과학 탐구, 정보과학, 생태와 환경"
지적학과,전문교과Ⅱ,"인간과 환경, 환경 측정 관리"
측지정보과,공통과목,"수학, 과학, 기술ㆍ가정"
측지정보과,일반선택과목,"수학교과 : 수학ⅠㆍⅡ, 미적분, 확률과 통계, 과학교과 : 물리학Ⅰ, 화학Ⅰ, 지구과학Ⅰ, 기술ㆍ가정교과 : 기술ㆍ가정, 정보"
측지정보과,진로선택과목,"기하, 수학과제 탐구, 물리학Ⅱ, 화학Ⅱ, 지구과학Ⅱ, 생활과 과학, 융합과학, 공학 일반"
측지정보과,전문교과Ⅰ,"심화수학ⅠㆍⅡ, 고급 수학ⅠㆍⅡ, 고급 물리학, 물리학 실험, 고급 화학, 화학 실험, 고급 지구과학, 지구과학 실험, 정보 과학, 융합과학 탐구, 과학과제연구, 생태와 환경"
측지정보과,전문교과Ⅱ,"공업 일반, 토목 일반, 측량, 공간 정보 구축, 공간 정보 융합 서비스"
치기공과,공통과목,"영어, 과학"
치기공과,일반선택과목,"영어교과 : 영어Ⅰ, 영어Ⅱ, 영어 독해와 작문, 과학교과 : 화학Ⅰ, 생명과학Ⅰ, 교양교과 : 심리학"
치기공과,진로선택과목,"화학Ⅱ, 생명과학Ⅱ"
치기공과,전문교과Ⅰ,"고급화학, 화학 실험, 고급 생명과학, 생명과학 실험, 과학과제 연구"
치기공과,전문교과Ⅱ,"인체 구조와 기능, 기초 간호 임상 실무, 보건 간호, 재료 일반"
치위생과,공통과목,"영어, 과학"
치위생과,일반선택과목,"영어교과 : 영어Ⅰ, 영어Ⅱ, 영어 독해와 작문, 화학교과 : 생명과학Ⅰ, 교양교과 : 심리학"
치위생과,진로선택과목,생명과학Ⅱ
치위생과,전문교과Ⅰ,"고급 생명과학, 생명과학 실험, 과학과제 연구"
치위생과,전문교과Ⅱ,"인체 구조와 기능, 기초 간호 임상 실무, 보건 간호"
치의예과,공통과목,"영어, 수학, 과학, 윤리"
치의예과,일반선택과목,"영어교과 : 영어Ⅰ, 영어Ⅱ, 영어 독해와 작문, 수학교과 : 수학Ⅰ, 수학Ⅱ, 미적분, 확률과 통계, 과학교과 : 생명과학Ⅰ, 화학Ⅰ, 사회교과 : 생활과 윤리, 윤리와 사상, 교양교과 : 철학, 심리학"
치의예과,진로선택과목,"생명과학Ⅱ, 화학Ⅱ, 융합과학"
치의예과,전문교과Ⅰ,"고급화학 및 고급생명과학, 화학실험 및 생명과학실험, 과학과제 연구"
치의예과,전문교과Ⅱ,인체 구조와 기능
컨벤션산업과,공통과목,"수학, 사회, 기술ㆍ가정, 생활ㆍ교양"
컨벤션산업과,일반선택과목,"수학교과 : 수학I, Ⅱ, 미적분, 확률과 통계, 사회교과 : 경제, 생활과 윤리, 기술ㆍ가정교과 : 정보, 생활ㆍ교양교과 : 실용 경제"
컨벤션산업과,진로선택과목,"실용 수학, 기하, 경제 수학, 수학 과제 탐구, 사회문제 탐구, 창의 경영, 지식 재산 일반"
컨벤션산업과,전문교과Ⅰ,"심화 수학I, 정보과학, 국제 경제, 세계 문제와 미래 사회, 사회 탐구 방법 및 사회과제 연구"
컨벤션산업과,전문교과Ⅱ,"기업과 경영, 회계 정보 처리 시스템, 금융 일반, 마케팅과 광고, 창업 일반, 커뮤니케이션, 유통 관리"
전기자동화과,공통과목,"수학, 과학, 기술ㆍ가정"
전기자동화과,일반선택과목,"수학교과 : 수학ⅠㆍⅡ, 미적분, 확률과 통계 , 과학교과 : 물리학Ⅰ, 화학Ⅰ, 기술ㆍ가정교과 : 기술ㆍ가정, 정보"
전기자동화과,진로선택과목,"기하, 물리학Ⅱ, 화학Ⅱ, 공학 일반"
전기자동화과,전문교과Ⅰ,"심화수학ⅠㆍⅡ, 고급 수학ⅠㆍⅡ, 고급 물리학, 물리학 실험, 고급 화학, 화학 실험, 정보과학, 융합과학탐구, 과학과제연구"
전기자동화과,전문교과Ⅱ,"공업 일반, 기계 제도, 기계 일반, 기계 제어 설계, 전자 회로, 산업용 전자 기기 소프트웨어 개발"
유아특수재활과,공통과목,"국어, 영어, 사회, 윤리"
유아특수재활과,일반선택과목,"사회교과 : 생활과 윤리, 윤리와 사상, 교양교과 : 철학, 심리학, 교육학"
유아특수재활과,진로선택과목,"음악 연주, 미술 창작"
유아특수재활과,전문교과Ⅰ,"합창, 스포츠 개론, 체조 운동, 연극의 이해, 문예 창작 입문"
유아특수재활과,전문교과Ⅱ,"인간 발달, 영ㆍ유아 놀이지도, 아동 생활지도, 아동 복지"
푸드스타일링과,공통과목,"과학, 생활ㆍ교양, 사회"
푸드스타일링과,일반선택과목,"과학교과 : 생명과학Ⅰ, 화학Ⅰ, 물리Ⅰ, 생활ㆍ교양교과 : 기술가정, 정보, 보건학, 환경, 심리학, 교육학, 실용경제, 사회교과 : 사회문화, 생활과 윤리, 정치와 법"
푸드스타일링과,진로선택과목,"생명과학Ⅱ, 화학Ⅱ, 융합과학, 생활과 과학, 농업생명과학, 가정과학"
푸드스타일링과,전문교과Ⅰ,"생명과학실험, 물리/화학 실험, 융합과학 탐구, 과학과제 연구"
푸드스타일링과,전문교과Ⅱ,"식품과 영양, 식품위생, 급식관리, 식품과학, 식품분석"
게임공학과,공통과목,"수학, 과학, 예술, 생활ㆍ교양, 사회, 국어"
게임공학과,일반선택과목,"수학ㆍ과학교과 : 수학Ⅰ, 수학Ⅱ, 확률과 통계, 물리학Ⅰ, 지구과학Ⅰ, 예술ㆍ사회교과 : 미술, 연극, 음악, 사회문화, 생활과 윤리, 세계사, 경제, 생활ㆍ교양교과 : 정보, 심리학, 논술, 인문학적 감성과 역사이해, 문학적 감성과 상상력"
게임공학과,진로선택과목,"미술창작, 미술/음악 감상과 비평, 사회문제 탐구, 고전 읽기, 융합 과학, 지식재산 일반, 창의 경영, 수학탐구 과제, 기하"
게임공학과,전문교과Ⅰ,"문학과 매체, 영상 제작의 이해, 매체미술, 드로잉, 사진 표현 기법, 사진영상편집, 사회과제 연구, 시나리오"
게임공학과,전문교과Ⅱ,"콘텐츠일반, 문화콘텐츠산업일반, 컴퓨터그래픽, 영상제작기초, 프로그래밍"
서양화과,공통과목,"미술, 윤리"
서양화과,일반선택과목,"예술교과 : 미술, 사회교과 : 생활과 윤리, 윤리와 사상, 교양교과 : 철학, 심리학, 교육학"
서양화과,진로선택과목,"미술 창작, 미술 감상과 비평"
서양화과,전문교과Ⅰ,"미술 이론, 미술사, 드로잉 미술 전공 실기"
서양화과,전문교과Ⅱ,"디자인 일반, 시각디자인, 색체 관리"
한의예과,공통과목,"영어, 수학, 과학, 윤리, 한문"
한의예과,일반선택과목,"영어교과 : 영어Ⅰ, 영어Ⅱ, 영어 독해와 작문, 수학교과 : 수학Ⅰ, 수학Ⅱ, 미적분, 확률과 통계, 과학교과 : 생명과학Ⅰ, 화학Ⅰ, 사회교과 : 생활과 윤리, 윤리와 사상, 한문교과 : 한문Ⅰ, 교양교과 : 철학, 심리학"
한의예과,진로선택과목,"생명과학Ⅱ, 화학Ⅱ, 한문Ⅱ"
한의예과,전문교과Ⅰ,"고급 화학 및 고급 생명과학, 화학실험 및 생명과학 실험, 과학과제 연구"
한의예과,전문교과Ⅱ,인체 구조와 기능
교통공학과,공통과목,"수학, 사회, 과학, 기술ㆍ가정"
교통공학과,일반선택과목,"수학교과 : 수학ⅠㆍⅡ, 미적분, 확률과 통계, 과학교과 : 물리학Ⅰ, 화학Ⅰ, 사회교과 : 한국지리, 세계지리, 경제, 사회문화, 기술ㆍ가정교과 : 기술ㆍ가정, 정보"
교통공학과,진로선택과목,"실용 수학, 기하, 수학과제 탐구, 물리학Ⅱ, 화학Ⅱ, 생활과 과학, 융합과학, 공학 일반, 사회문제 탐구"
교통공학과,전문교과Ⅰ,"심화수학ⅠㆍⅡ, 고급 수학ⅠㆍⅡ, 고급 물리학, 물리학 실험, 고급 화학, 화학 실험, 정보과학, 융합과학탐구, 과학과제연구, 생태와 환경, 지역이해, 사회과제 연구"
교통공학과,전문교과Ⅱ,"자동 제어 시스템 운영, 프로그래밍, 빅데이터 분석"
항공정비과,공통과목,"수학, 영어, 과학, 교양"
항공정비과,일반선택과목,"수학ㆍ사회교과 : 수학Ⅰ, 수학Ⅱ, 미적분, 확률과 통계, 정치와 법, 영어교과 : 영어Ⅰ, 영어Ⅱ, 영어회화, 영어 독해와 작문, 과학ㆍ교양교과 : 물리Ⅰ, 지구과학Ⅰ, 화학Ⅰ, 보건학, 논리학, 철학, 논술"
항공정비과,진로선택과목,"물리학Ⅱ, 융합과학, 수학탐구 과제, 기하, 사회문제 탐구, 공학일반, 실용영어, 진로영어, 고전과 윤리, 여행지리"
항공정비과,전문교과Ⅰ,"고급물리학, 물리학 실험, 과학과제 연구, 심화수학Ⅰ, 심화수학Ⅱ, 고급수학Ⅰ, 고급수학Ⅱ, 심화영어Ⅰ,Ⅱ, 심화영어회화Ⅰ,Ⅱ,"
항공정비과,전문교과Ⅱ,"항공기 일반, 항공기 실무 기초"
해양자원학과,공통과목,"과학, 교양, 사회, 수학"
해양자원학과,일반선택과목,"과학교과 : 생명과학Ⅰ, 화학Ⅰ, 생활ㆍ교양교과 : 환경, 보건학, 논술, 생활과 창의성, 정보, 사회교과 : 사회문화, 생활과 윤리, 정치와 법"
해양자원학과,진로선택과목,"생명과학Ⅱ, 융합과학, 생활과 과학, 화학Ⅱ, 농업생명과학, 고전과 윤리"
해양자원학과,전문교과Ⅰ,"고급 생명과학, 생명과학 실험, 물리화학 실험, 융합과학 탐구, 정보과학, 과학과제 연구"
해양자원학과,전문교과Ⅱ,"생명공학 기술, 동물 지원, 반려동물 관리, 실험동물과 기타 가축, 종축, 사료생산"
행정과,공통과목,"사회, 생활ㆍ교양"
행정과,일반선택과목,"사회교과 : 한국지리, 세계지리, 세계사, 경제, 정치와 법, 사회ㆍ문화, 생활과 윤리, 윤리와 사상, 생활ㆍ교양교과 : 철학, 논리학, 심리학"
행정과,진로선택과목,사회문제 탐구
행정과,전문교과Ⅰ,"국제 정치, 국제 경제, 국제법, 지역 이해, 비교 문화, 세계 문제와 미래 사회, 국제 관계와 국제기구, 현대 세계의 변화, 사회 탐구 방법 및 사회 과제 연구"
행정과,전문교과Ⅱ,"커뮤니케이션, 정보 처리와 관리 정보 보호 관리, 빅데이터 분석"
고분자공학과,공통과목,"수학, 과학, 기술ㆍ가정"
고분자공학과,일반선택과목,"수학교과 : 수학Ⅰ, 수학Ⅱ, 미적분, 확률과 통계, 과학교과 : 물리학Ⅰ, 화학Ⅰ, 기술ㆍ가정교과 : 기술ㆍ가정, 정보"
고분자공학과,진로선택과목,"기하, 물리학Ⅱ, 화학Ⅱ, 공학 일반"
고분자공학과,전문교과Ⅰ,"심화수학ⅠㆍⅡ, 고급 수학ⅠㆍⅡ, 고급 물리학, 물리학 실험, 고급 화학, 화학 실험, 정보과학, 과학과제연구"
고분자공학과,전문교과Ⅱ,"공업일반, 공업 화학, 제조 화학, 화학 분석, 석유 화학 제품"
공업화학과,공통과목,"과학, 수학, 교양, 영어"
공업화학과,일반선택과목,"과학교과 : 화학Ⅰ, 생명과학Ⅰ, 물리Ⅰ, 지구과학Ⅰ, 수학교과 : 수학Ⅰ, 수학Ⅱ, 미적분, 확률과 통계, 교양교과 : 논리학, 철학, 환경, 논술, 보건학"
공업화학과,진로선택과목,"화학Ⅱ, 물리Ⅱ, 융합과학, 과학사, 생활과 과학, 기하, 공학 일반, 사회문제 탐구"
공업화학과,전문교과Ⅰ,"고급 화학, 화학 실험, 과학과제 연구, 융합과학 탐구, 정보과학, 심화수학Ⅰ, 심화수학Ⅱ, 고급 수학Ⅰ, 고급수학Ⅱ"
공업화학과,전문교과Ⅱ,"환경화학기초, 공업화학, 제조화학"
정밀화학과,공통과목,"과학, 수학, 교양, 영어"
정밀화학과,일반선택과목,"과학교과 : 화학Ⅰ, 생명과학Ⅰ, 물리Ⅰ, 지구과학Ⅰ, 수학교과 : 수학Ⅰ, 수학Ⅱ, 미적분, 확률과 통계, 교양교과 : 논리학, 환경, 논술, 보건학"
정밀화학과,진로선택과목,"화학Ⅱ, 융합과학, 과학사, 생활과 과학, 수학 과제 탐구, 기하, 생명과학Ⅱ"
정밀화학과,전문교과Ⅰ,"고급화학, 화학 실험, 과학과제 연구, 융합과학 탐구, 정보과학, 심화수학Ⅰ, 심화수학Ⅱ, 고급수학Ⅰ, 고급수학Ⅱ"
정밀화학과,전문교과Ⅱ,"환경화학 기초, 공업화학, 제조화학"
